Timestamp (Unix Time)	Human readable date	Pressure (mBar)	Place Code
1645745210271	Feb 24, 2022 6:26:50 PM	984.2188	
1645746151466	Feb 24, 2022 6:42:31 PM	984.3302	
1645747732021	Feb 24, 2022 7:08:52 PM	983.5864	
1645748654405	Feb 24, 2022 7:24:14 PM	983.59454	
1645749560238	Feb 24, 2022 7:39:20 PM	983.1134	
1645751194016	Feb 24, 2022 8:06:34 PM	983.12317	
1645752777284	Feb 24, 2022 8:32:57 PM	982.2853	
1645753710864	Feb 24, 2022 8:48:30 PM	982.0628	
1645755287999	Feb 24, 2022 9:14:47 PM	981.94745	
1645756905859	Feb 24, 2022 9:41:45 PM	981.5139	
1645758190217	Feb 24, 2022 10:03:10 PM	981.7332	
1645759108915	Feb 24, 2022 10:18:28 PM	981.0101	
1645760684975	Feb 24, 2022 10:44:44 PM	981.47144	
1645762407629	Feb 24, 2022 11:13:27 PM	980.55853	
1645763334899	Feb 24, 2022 11:28:54 PM	980.30756	
1645764394595	Feb 24, 2022 11:46:34 PM	979.7952	
1645765970843	Feb 25, 2022 12:12:50 AM	979.94586	
1645767577190	Feb 25, 2022 12:39:37 AM	979.554	
1645769178984	Feb 25, 2022 1:06:18 AM	979.8942	
1645770566855	Feb 25, 2022 1:29:26 AM	980.3377	
1645772142216	Feb 25, 2022 1:55:42 AM	980.58105	
1645773807647	Feb 25, 2022 2:23:27 AM	980.9128	
1645775409062	Feb 25, 2022 2:50:09 AM	981.16095	
1645776989279	Feb 25, 2022 3:16:29 AM	981.48926	
1645778566069	Feb 25, 2022 3:42:46 AM	982.23193	
1645780213337	Feb 25, 2022 4:10:13 AM	983.3215	
1645781789706	Feb 25, 2022 4:36:29 AM	983.93304	
1645783546181	Feb 25, 2022 5:05:46 AM	984.9022	
1645785005736	Feb 25, 2022 5:30:05 AM	985.3088	
1645786595387	Feb 25, 2022 5:56:35 AM	986.6611	
1645788136684	Feb 25, 2022 6:22:16 AM	987.6743	
1645789718759	Feb 25, 2022 6:48:38 AM	988.53687	
1645790634630	Feb 25, 2022 7:03:54 AM	988.97015	
1645792018003	Feb 25, 2022 7:26:58 AM	989.5798	
1645793173626	Feb 25, 2022 7:46:13 AM	990.42957	
1645794206498	Feb 25, 2022 8:03:26 AM	990.66144	
1645795219615	Feb 25, 2022 8:20:19 AM	991.11487	
1645796146704	Feb 25, 2022 8:35:46 AM	991.4332	
1645797153454	Feb 25, 2022 8:52:33 AM	990.35815	
1645798747119	Feb 25, 2022 9:19:07 AM	989.35175	
1645800337759	Feb 25, 2022 9:45:37 AM	989.8095	
1645801248602	Feb 25, 2022 10:00:48 AM	989.9901	
1645802169823	Feb 25, 2022 10:16:09 AM	990.4092	
1645803100240	Feb 25, 2022 10:31:40 AM	993.03143	
1645804051745	Feb 25, 2022 10:47:31 AM	993.1519	
1645805627343	Feb 25, 2022 11:13:47 AM	993.64703	
1645806589271	Feb 25, 2022 11:29:49 AM	993.9932	
1645807647769	Feb 25, 2022 11:47:27 AM	994.1043	
1645808779782	Feb 25, 2022 12:06:19 PM	994.5338	
1645809749089	Feb 25, 2022 12:22:29 PM	994.72125	
1645810731570	Feb 25, 2022 12:38:51 PM	994.9012	
1645811701369	Feb 25, 2022 12:55:01 PM	994.9061	
1645812681286	Feb 25, 2022 1:11:21 PM	994.8581	
1645813697426	Feb 25, 2022 1:28:17 PM	994.357	
1645815048424	Feb 25, 2022 1:50:48 PM	994.23224	
1645816625408	Feb 25, 2022 2:17:05 PM	994.4012	
1645818202375	Feb 25, 2022 2:43:22 PM	994.3568	
1645819778397	Feb 25, 2022 3:09:38 PM	994.6309	
1645820879246	Feb 25, 2022 3:27:59 PM	994.653	
1645821833379	Feb 25, 2022 3:43:53 PM	994.8498	
1645823019314	Feb 25, 2022 4:03:39 PM	995.2435	
1645824155320	Feb 25, 2022 4:22:35 PM	995.1052	
1645825540034	Feb 25, 2022 4:45:40 PM	995.4754	
1645826888339	Feb 25, 2022 5:08:08 PM	995.61566	
1645827843278	Feb 25, 2022 5:24:03 PM	996.0642	
1645828936802	Feb 25, 2022 5:42:16 PM	996.1981	
1645829858231	Feb 25, 2022 5:57:38 PM	996.3407	
1645831048699	Feb 25, 2022 6:17:28 PM	996.4282	
1645832047638	Feb 25, 2022 6:34:07 PM	996.274	
1645832961314	Feb 25, 2022 6:49:21 PM	996.63776	
1645833891846	Feb 25, 2022 7:04:51 PM	996.7404	
1645834920398	Feb 25, 2022 7:22:00 PM	996.92615	
1645835853809	Feb 25, 2022 7:37:33 PM	996.8339	
1645836987448	Feb 25, 2022 7:56:27 PM	996.9289	
1645837902552	Feb 25, 2022 8:11:42 PM	996.90656	
1645839459157	Feb 25, 2022 8:37:39 PM	996.91846	
1645841084886	Feb 25, 2022 9:04:44 PM	996.6934	
1645842251507	Feb 25, 2022 9:24:11 PM	996.8883	
1645843179997	Feb 25, 2022 9:39:39 PM	996.9633	
1645844363121	Feb 25, 2022 9:59:23 PM	997.30927	
1645845940240	Feb 25, 2022 10:25:40 PM	997.47095	
1645847523410	Feb 25, 2022 10:52:03 PM	997.4695	
1645848438009	Feb 25, 2022 11:07:18 PM	997.5545	
1645849461857	Feb 25, 2022 11:24:21 PM	997.74786	
1645850503263	Feb 25, 2022 11:41:43 PM	997.7606	
1645851490170	Feb 25, 2022 11:58:10 PM	997.4402	
1645852498311	Feb 26, 2022 12:14:58 AM	997.1835	
1645853779069	Feb 26, 2022 12:36:19 AM	997.3054	
1645855399235	Feb 26, 2022 1:03:19 AM	997.4138	
1645857000654	Feb 26, 2022 1:30:00 AM	997.54895	
1645858640629	Feb 26, 2022 1:57:20 AM	997.9797	
1645860235097	Feb 26, 2022 2:23:55 AM	997.68414	
1645861881574	Feb 26, 2022 2:51:21 AM	997.26764	
1645863482987	Feb 26, 2022 3:18:02 AM	997.2311	
1645865078660	Feb 26, 2022 3:44:38 AM	996.97925	
1645866687371	Feb 26, 2022 4:11:27 AM	997.10144	
1645868300520	Feb 26, 2022 4:38:20 AM	997.5313	
1645869921622	Feb 26, 2022 5:05:21 AM	997.76526	
1645871180846	Feb 26, 2022 5:26:20 AM	997.8282	
1645872742848	Feb 26, 2022 5:52:22 AM	997.8571	
1645874319899	Feb 26, 2022 6:18:39 AM	998.15015	
1645875959904	Feb 26, 2022 6:45:59 AM	998.30884	
1645876872882	Feb 26, 2022 7:01:12 AM	997.85175	
1645878564791	Feb 26, 2022 7:29:24 AM	997.82245	
1645879764533	Feb 26, 2022 7:49:24 AM	997.61975	
1645881122832	Feb 26, 2022 8:12:02 AM	997.7919	
1645882707492	Feb 26, 2022 8:38:27 AM	998.1265	
1645883616972	Feb 26, 2022 8:53:36 AM	998.1291	
1645885192753	Feb 26, 2022 9:19:52 AM	998.13696	
1645886213893	Feb 26, 2022 9:36:53 AM	998.542	
1645887153622	Feb 26, 2022 9:52:33 AM	998.3246	
1645888264071	Feb 26, 2022 10:11:04 AM	998.4459	
1645889643791	Feb 26, 2022 10:34:03 AM	998.29865	
1645890551688	Feb 26, 2022 10:49:11 AM	998.0443	
1645891820647	Feb 26, 2022 11:10:20 AM	997.64905	
1645892227484	Feb 26, 2022 11:17:07 AM	998.1278	
1645893135415	Feb 26, 2022 11:32:15 AM	998.1599	
1645894070183	Feb 26, 2022 11:47:50 AM	994.4679	
1645895018286	Feb 26, 2022 12:03:38 PM	995.8766	
1645896185022	Feb 26, 2022 12:23:05 PM	997.2708	
1645897182599	Feb 26, 2022 12:39:42 PM	997.063	
1645898197007	Feb 26, 2022 12:56:37 PM	996.88385	
1645899148172	Feb 26, 2022 1:12:28 PM	996.7298	
1645900161878	Feb 26, 2022 1:29:21 PM	996.6446	
1645901074715	Feb 26, 2022 1:44:34 PM	996.0134	
1645901993400	Feb 26, 2022 1:59:53 PM	996.0194	
1645902027862	Feb 26, 2022 2:00:27 PM	996.01917	
1645903072005	Feb 26, 2022 2:17:52 PM	996.0498	
1645904116347	Feb 26, 2022 2:35:16 PM	996.4807	
1645905698423	Feb 26, 2022 3:01:38 PM	996.0742	
1645906930276	Feb 26, 2022 3:22:10 PM	995.8551	
1645908532048	Feb 26, 2022 3:48:52 PM	995.64307	
1645909504029	Feb 26, 2022 4:05:04 PM	995.7198	
1645911079578	Feb 26, 2022 4:31:19 PM	995.14667	
1645912665812	Feb 26, 2022 4:57:45 PM	994.91693	
1645913745673	Feb 26, 2022 5:15:45 PM	995.0814	
1645914658412	Feb 26, 2022 5:30:58 PM	995.13965	
1645915795469	Feb 26, 2022 5:49:55 PM	994.80707	
1645916927005	Feb 26, 2022 6:08:47 PM	995.2616	
1645918008746	Feb 26, 2022 6:26:48 PM	994.86316	
1645919001094	Feb 26, 2022 6:43:21 PM	994.62775	
1645920597688	Feb 26, 2022 7:09:57 PM	994.7767	
1645921569150	Feb 26, 2022 7:26:09 PM	994.8307	
1645922626705	Feb 26, 2022 7:43:46 PM	994.8885	
1645923724610	Feb 26, 2022 8:02:04 PM	994.4528	
1645925326331	Feb 26, 2022 8:28:46 PM	994.3604	
1645926498808	Feb 26, 2022 8:48:18 PM	994.07733	
1645928075422	Feb 26, 2022 9:14:35 PM	993.8774	
1645929012650	Feb 26, 2022 9:30:12 PM	993.8026	
1645930613217	Feb 26, 2022 9:56:53 PM	993.6005	
1645931537325	Feb 26, 2022 10:12:17 PM	993.983	
1645932770184	Feb 26, 2022 10:32:50 PM	993.6944	
1645934346356	Feb 26, 2022 10:59:06 PM	993.1419	
1645935992170	Feb 26, 2022 11:26:32 PM	992.64954	
1645937706136	Feb 26, 2022 11:55:06 PM	992.7422	
1645939283282	Feb 27, 2022 12:21:23 AM	992.2433	
1645940859290	Feb 27, 2022 12:47:39 AM	992.4243	
1645942543825	Feb 27, 2022 1:15:43 AM	992.15826	
1645943740287	Feb 27, 2022 1:35:40 AM	992.6192	
1645945317256	Feb 27, 2022 2:01:57 AM	991.3308	
1645946894537	Feb 27, 2022 2:28:14 AM	991.5522	
1645948621350	Feb 27, 2022 2:57:01 AM	990.8918	
1645950198165	Feb 27, 2022 3:23:18 AM	990.379	
1645951786834	Feb 27, 2022 3:49:46 AM	990.624	
1645953469883	Feb 27, 2022 4:17:49 AM	990.7266	
1645955106190	Feb 27, 2022 4:45:06 AM	990.8529	
1645956784812	Feb 27, 2022 5:13:04 AM	990.5267	
1645958339137	Feb 27, 2022 5:38:59 AM	990.39453	
1645959926776	Feb 27, 2022 6:05:26 AM	990.32587	
1645961635093	Feb 27, 2022 6:33:55 AM	990.36304	
1645962705284	Feb 27, 2022 6:51:45 AM	990.4929	
1645963725043	Feb 27, 2022 7:08:45 AM	990.4298	
1645964942366	Feb 27, 2022 7:29:02 AM	990.369	
1645965929005	Feb 27, 2022 7:45:29 AM	990.933	
1645966902463	Feb 27, 2022 8:01:42 AM	990.77997	
1645968004973	Feb 27, 2022 8:20:04 AM	990.67096	
1645968341749	Feb 27, 2022 8:25:41 AM	990.73236	
1645969346558	Feb 27, 2022 8:42:26 AM	990.8588	
1645970921913	Feb 27, 2022 9:08:41 AM	990.9619	
1645972140948	Feb 27, 2022 9:29:00 AM	990.8565	
1645973286938	Feb 27, 2022 9:48:06 AM	991.0182	
1645974654948	Feb 27, 2022 10:10:54 AM	990.7623	
1645975560718	Feb 27, 2022 10:26:00 AM	990.6863	
1645976519889	Feb 27, 2022 10:41:59 AM	990.5811	
1645977536610	Feb 27, 2022 10:58:56 AM	990.51605	
1645978551785	Feb 27, 2022 11:15:51 AM	990.37006	
1645979568054	Feb 27, 2022 11:32:48 AM	990.2315	
1645980582714	Feb 27, 2022 11:49:42 AM	989.93	
1645981498840	Feb 27, 2022 12:04:58 PM	989.9816	
1645982514854	Feb 27, 2022 12:21:54 PM	989.85394	
1645983464031	Feb 27, 2022 12:37:44 PM	989.66736	
1645984535590	Feb 27, 2022 12:55:35 PM	989.2464	
1645985991853	Feb 27, 2022 1:19:51 PM	988.91315	
1645987057267	Feb 27, 2022 1:37:37 PM	989.16583	
1645988172110	Feb 27, 2022 1:56:12 PM	986.54315	
1645989097847	Feb 27, 2022 2:11:37 PM	986.3602	
1645989117816	Feb 27, 2022 2:11:57 PM	986.3005	
1645990067085	Feb 27, 2022 2:27:47 PM	986.25714	
1645991029953	Feb 27, 2022 2:43:49 PM	985.95496	
1645992365691	Feb 27, 2022 3:06:05 PM	988.0993	
1645993941030	Feb 27, 2022 3:32:21 PM	987.7733	
1645995276759	Feb 27, 2022 3:54:36 PM	987.8605	
1645996232850	Feb 27, 2022 4:10:32 PM	987.662	
1645997680794	Feb 27, 2022 4:34:40 PM	987.54364	
1645998769949	Feb 27, 2022 4:52:49 PM	987.4159	
1646000303695	Feb 27, 2022 5:18:23 PM	987.3698	
1646001384474	Feb 27, 2022 5:36:24 PM	987.42676	
1646002373928	Feb 27, 2022 5:52:53 PM	987.506	
1646003363669	Feb 27, 2022 6:09:23 PM	987.2604	
1646004450115	Feb 27, 2022 6:27:30 PM	987.72656	
1646005634328	Feb 27, 2022 6:47:14 PM	987.8171	
1646006635622	Feb 27, 2022 7:03:55 PM	987.833	
1646007574333	Feb 27, 2022 7:19:34 PM	988.0636	
1646008506946	Feb 27, 2022 7:35:06 PM	988.1458	
1646009572916	Feb 27, 2022 7:52:52 PM	988.30817	
1646010585783	Feb 27, 2022 8:09:45 PM	988.3968	
1646011563881	Feb 27, 2022 8:26:03 PM	988.2525	
1646012552185	Feb 27, 2022 8:42:32 PM	988.4992	
1646013884024	Feb 27, 2022 9:04:44 PM	988.5715	
1646014385026	Feb 27, 2022 9:13:05 PM	988.6201	
1646015552556	Feb 27, 2022 9:32:32 PM	988.81396	
1646016562539	Feb 27, 2022 9:49:22 PM	988.7126	
1646017966229	Feb 27, 2022 10:12:46 PM	988.567	
1646018993127	Feb 27, 2022 10:29:53 PM	988.69366	
1646020188805	Feb 27, 2022 10:49:48 PM	988.6603	
1646021689521	Feb 27, 2022 11:14:49 PM	988.62585	
1646023419852	Feb 27, 2022 11:43:39 PM	988.4032	
1646024995164	Feb 28, 2022 12:09:55 AM	988.26355	
1646026001493	Feb 28, 2022 12:26:41 AM	988.09546	
1646027626023	Feb 28, 2022 12:53:46 AM	988.26056	
1646029201323	Feb 28, 2022 1:20:01 AM	988.6769	
1646030808999	Feb 28, 2022 1:46:48 AM	988.6078	
1646032460167	Feb 28, 2022 2:14:20 AM	988.58234	
1646034035470	Feb 28, 2022 2:40:35 AM	988.6796	
1646035609110	Feb 28, 2022 3:06:49 AM	988.30524	
1646037191030	Feb 28, 2022 3:33:11 AM	988.23315	
1646038792795	Feb 28, 2022 3:59:52 AM	988.2073	
1646040409190	Feb 28, 2022 4:26:49 AM	988.40125	
1646042081276	Feb 28, 2022 4:54:41 AM	988.5819	
1646043238201	Feb 28, 2022 5:13:58 AM	988.59784	
1646044892986	Feb 28, 2022 5:41:32 AM	988.7791	
1646046540199	Feb 28, 2022 6:09:00 AM	989.25995	
1646047511583	Feb 28, 2022 6:25:11 AM	989.2026	
1646048630201	Feb 28, 2022 6:43:50 AM	989.3649	
1646049680237	Feb 28, 2022 7:01:20 AM	989.86945	
1646051013493	Feb 28, 2022 7:23:33 AM	989.8854	
1646051991209	Feb 28, 2022 7:39:51 AM	989.9925	
1646053055152	Feb 28, 2022 7:57:35 AM	989.7993	
1646054362175	Feb 28, 2022 8:19:22 AM	990.3163	
1646055485730	Feb 28, 2022 8:38:05 AM	987.38336	
1646056091194	Feb 28, 2022 8:48:11 AM	987.1299	
1646057097158	Feb 28, 2022 9:04:57 AM	987.24506	
1646058035541	Feb 28, 2022 9:20:35 AM	987.2174	
1646058937235	Feb 28, 2022 9:35:37 AM	987.3685	
1646059958117	Feb 28, 2022 9:52:38 AM	987.3235	
1646060885833	Feb 28, 2022 10:08:05 AM	988.1091	
1646061882751	Feb 28, 2022 10:24:42 AM	990.4942	
1646062860592	Feb 28, 2022 10:41:00 AM	990.25977	
1646063765272	Feb 28, 2022 10:56:05 AM	990.3138	
1646064677088	Feb 28, 2022 11:11:17 AM	990.21875	
1646065603370	Feb 28, 2022 11:26:43 AM	990.19495	
1646066630883	Feb 28, 2022 11:43:50 AM	990.2262	
1646068206223	Feb 28, 2022 12:10:06 PM	990.02136	
1646069197690	Feb 28, 2022 12:26:37 PM	989.7502	
1646070120606	Feb 28, 2022 12:42:00 PM	989.3847	
1646071093002	Feb 28, 2022 12:58:13 PM	989.30164	
1646072668349	Feb 28, 2022 1:24:28 PM	988.30524	
1646074245405	Feb 28, 2022 1:50:45 PM	987.81775	
1646075868366	Feb 28, 2022 2:17:48 PM	987.46136	
1646077522244	Feb 28, 2022 2:45:22 PM	987.03894	
1646079174464	Feb 28, 2022 3:12:54 PM	986.8349	
1646080824317	Feb 28, 2022 3:40:24 PM	986.30493	
1646082399972	Feb 28, 2022 4:06:39 PM	986.11456	
1646084013430	Feb 28, 2022 4:33:33 PM	985.8343	
1646085288064	Feb 28, 2022 4:54:48 PM	985.5748	
1646086895594	Feb 28, 2022 5:21:35 PM	985.6949	
1646087801172	Feb 28, 2022 5:36:41 PM	986.2002	
1646088917629	Feb 28, 2022 5:55:17 PM	986.33044	
1646090089484	Feb 28, 2022 6:14:49 PM	986.2236	
1646091064448	Feb 28, 2022 6:31:04 PM	985.8791	
1646092011556	Feb 28, 2022 6:46:51 PM	986.0234	
1646093034830	Feb 28, 2022 7:03:54 PM	985.72375	
1646093941723	Feb 28, 2022 7:19:01 PM	985.8336	
1646094907611	Feb 28, 2022 7:35:07 PM	985.51807	
1646096048645	Feb 28, 2022 7:54:08 PM	985.5822	
1646096319198	Feb 28, 2022 7:58:39 PM	985.7801	
1646097246835	Feb 28, 2022 8:14:06 PM	985.4501	
1646098297754	Feb 28, 2022 8:31:37 PM	985.50635	
1646099942054	Feb 28, 2022 8:59:02 PM	985.41986	
1646101531678	Feb 28, 2022 9:25:31 PM	985.86743	
1646103108098	Feb 28, 2022 9:51:48 PM	985.6133	
1646104021702	Feb 28, 2022 10:07:01 PM	985.146	
1646104975624	Feb 28, 2022 10:22:55 PM	984.9296	
1646106573070	Feb 28, 2022 10:49:33 PM	985.12726	
1646108156403	Feb 28, 2022 11:15:56 PM	984.97833	
1646109273961	Feb 28, 2022 11:34:33 PM	985.03357	
1646110850632	Mar 1, 2022 12:00:50 AM	984.9698	
1646112428089	Mar 1, 2022 12:27:08 AM	984.7743	
1646113159561	Mar 1, 2022 12:39:19 AM	984.93665	
1646114735681	Mar 1, 2022 1:05:35 AM	984.7837	
1646116312938	Mar 1, 2022 1:31:52 AM	984.8878	
1646117894445	Mar 1, 2022 1:58:14 AM	984.91095	
1646119470577	Mar 1, 2022 2:24:30 AM	984.94666	
1646121048380	Mar 1, 2022 2:50:48 AM	984.76624	
1646122648490	Mar 1, 2022 3:17:28 AM	984.3684	
1646124125567	Mar 1, 2022 3:42:05 AM	984.4254	
1646125757414	Mar 1, 2022 4:09:17 AM	984.3094	
1646127356217	Mar 1, 2022 4:35:56 AM	984.41797	
1646128964747	Mar 1, 2022 5:02:44 AM	984.42413	
1646130511422	Mar 1, 2022 5:28:31 AM	984.3648	
1646132101179	Mar 1, 2022 5:55:01 AM	984.28534	
1646133652459	Mar 1, 2022 6:20:52 AM	984.46515	
1646134716392	Mar 1, 2022 6:38:36 AM	984.3132	
1646135665331	Mar 1, 2022 6:54:25 AM	984.37585	
1646136756499	Mar 1, 2022 7:12:36 AM	984.39734	
1646138087440	Mar 1, 2022 7:34:47 AM	985.07965	
1646139009270	Mar 1, 2022 7:50:09 AM	984.9817	
1646139922557	Mar 1, 2022 8:05:22 AM	984.7044	
1646141304735	Mar 1, 2022 8:28:24 AM	984.75073	
1646142880061	Mar 1, 2022 8:54:40 AM	984.7694	
1646144071346	Mar 1, 2022 9:14:31 AM	984.60876	
1646145452238	Mar 1, 2022 9:37:32 AM	984.44025	
1646147028259	Mar 1, 2022 10:03:48 AM	984.3302	
1646147929493	Mar 1, 2022 10:18:49 AM	984.1717	
1646148875285	Mar 1, 2022 10:34:35 AM	983.9462	
1646149899267	Mar 1, 2022 10:51:39 AM	983.79126	
1646151186063	Mar 1, 2022 11:13:06 AM	983.579	
1646152156302	Mar 1, 2022 11:29:16 AM	984.0327	
1646153153263	Mar 1, 2022 11:45:53 AM	984.03564	
1646154083129	Mar 1, 2022 12:01:23 PM	983.9298	
1646155081728	Mar 1, 2022 12:18:01 PM	983.72565	
1646155984259	Mar 1, 2022 12:33:04 PM	983.4715	
1646157000434	Mar 1, 2022 12:50:00 PM	983.1712	
1646157957211	Mar 1, 2022 1:05:57 PM	982.5592	
1646159533210	Mar 1, 2022 1:32:13 PM	982.0856	
1646161141899	Mar 1, 2022 1:59:01 PM	981.59595	
1646162718174	Mar 1, 2022 2:25:18 PM	981.2249	
1646163760218	Mar 1, 2022 2:42:40 PM	981.2022	
1646164949431	Mar 1, 2022 3:02:29 PM	981.0749	
1646166025211	Mar 1, 2022 3:20:25 PM	980.876	
1646167041833	Mar 1, 2022 3:37:21 PM	980.7485	
1646167986142	Mar 1, 2022 3:53:06 PM	980.7559	
1646169386160	Mar 1, 2022 4:16:26 PM	980.71576	
1646170776814	Mar 1, 2022 4:39:36 PM	980.76166	
1646171835793	Mar 1, 2022 4:57:15 PM	980.88513	
1646172799793	Mar 1, 2022 5:13:19 PM	980.77655	
1646173703022	Mar 1, 2022 5:28:23 PM	980.79565	
1646174603641	Mar 1, 2022 5:43:23 PM	981.0883	
1646175563557	Mar 1, 2022 5:59:23 PM	981.0855	
1646176496922	Mar 1, 2022 6:14:56 PM	981.3488	
1646177443983	Mar 1, 2022 6:30:43 PM	981.1219	
1646178345683	Mar 1, 2022 6:45:45 PM	981.42236	
1646179365026	Mar 1, 2022 7:02:45 PM	981.719	
1646180308991	Mar 1, 2022 7:18:28 PM	981.81464	
1646181366807	Mar 1, 2022 7:36:06 PM	981.8626	
1646182432883	Mar 1, 2022 7:53:52 PM	981.9763	
1646183400961	Mar 1, 2022 8:10:00 PM	982.07367	
1646184990696	Mar 1, 2022 8:36:30 PM	982.35077	
1646186577242	Mar 1, 2022 9:02:57 PM	982.3841	
1646187687959	Mar 1, 2022 9:21:27 PM	982.5148	
1646189190958	Mar 1, 2022 9:46:30 PM	982.64355	
1646190835372	Mar 1, 2022 10:13:55 PM	982.6389	
1646191800927	Mar 1, 2022 10:30:00 PM	982.59045	
1646193390602	Mar 1, 2022 10:56:30 PM	982.55835	
1646194590606	Mar 1, 2022 11:16:30 PM	982.54224	
1646196136907	Mar 1, 2022 11:42:16 PM	982.5418	
1646197754297	Mar 2, 2022 12:09:14 AM	982.4955	
1646199369973	Mar 2, 2022 12:36:09 AM	982.6249	
1646200945823	Mar 2, 2022 1:02:25 AM	982.6378	
1646202572815	Mar 2, 2022 1:29:32 AM	982.63806	
1646204173371	Mar 2, 2022 1:56:13 AM	982.8178	
1646205809625	Mar 2, 2022 2:23:29 AM	982.6867	
1646207386913	Mar 2, 2022 2:49:46 AM	982.59937	
1646208990459	Mar 2, 2022 3:16:30 AM	982.4829	
1646210613900	Mar 2, 2022 3:43:33 AM	982.37964	
1646212215316	Mar 2, 2022 4:10:15 AM	982.3208	
1646213790691	Mar 2, 2022 4:36:30 AM	982.54755	
1646215432524	Mar 2, 2022 5:03:52 AM	982.63696	
1646217050192	Mar 2, 2022 5:30:50 AM	982.7105	
1646218510381	Mar 2, 2022 5:55:10 AM	982.90875	
1646219869271	Mar 2, 2022 6:17:49 AM	983.11	
1646220850727	Mar 2, 2022 6:34:10 AM	983.09	
1646222429754	Mar 2, 2022 7:00:29 AM	983.2998	
1646223187177	Mar 2, 2022 7:13:07 AM	983.3512	
1646224182621	Mar 2, 2022 7:29:42 AM	983.5607	
1646225300820	Mar 2, 2022 7:48:20 AM	983.60345	
1646226286910	Mar 2, 2022 8:04:46 AM	983.9864	
1646227865273	Mar 2, 2022 8:31:05 AM	983.89923	
1646229441519	Mar 2, 2022 8:57:21 AM	984.2832	
1646230427239	Mar 2, 2022 9:13:47 AM	984.21265	
1646232105128	Mar 2, 2022 9:41:45 AM	984.29834	
1646233588521	Mar 2, 2022 10:06:28 AM	984.7021	
1646234938524	Mar 2, 2022 10:28:58 AM	985.1071	
1646236569095	Mar 2, 2022 10:56:09 AM	985.1313	
1646237790097	Mar 2, 2022 11:16:30 AM	985.2269	
1646239371578	Mar 2, 2022 11:42:51 AM	985.10095	
1646240285660	Mar 2, 2022 11:58:05 AM	985.35144	
1646241189811	Mar 2, 2022 12:13:09 PM	985.439	
1646242120865	Mar 2, 2022 12:28:40 PM	985.2956	
1646243748275	Mar 2, 2022 12:55:48 PM	984.87994	
1646244735842	Mar 2, 2022 1:12:15 PM	984.1545	
1646245742442	Mar 2, 2022 1:29:02 PM	983.9876	
1646247309797	Mar 2, 2022 1:55:09 PM	983.66656	
1646248982308	Mar 2, 2022 2:23:02 PM	983.4534	
1646250560586	Mar 2, 2022 2:49:20 PM	982.8937	
1646252184368	Mar 2, 2022 3:16:24 PM	982.7205	
1646253465145	Mar 2, 2022 3:37:45 PM	982.6999	
1646255007759	Mar 2, 2022 4:03:27 PM	982.661	
1646256659763	Mar 2, 2022 4:30:59 PM	982.47656	
1646257751166	Mar 2, 2022 4:49:11 PM	981.97144	
1646259327268	Mar 2, 2022 5:15:27 PM	981.89557	
1646260264978	Mar 2, 2022 5:31:04 PM	981.7385	
1646261880739	Mar 2, 2022 5:58:00 PM	981.8871	
1646263456264	Mar 2, 2022 6:24:16 PM	981.89667	
1646265035037	Mar 2, 2022 6:50:35 PM	981.9077	
1646266628891	Mar 2, 2022 7:17:08 PM	981.86346	
1646268221717	Mar 2, 2022 7:43:41 PM	981.6506	
1646269627194	Mar 2, 2022 8:07:07 PM	981.78973	
1646270616525	Mar 2, 2022 8:23:36 PM	981.7524	
1646272186637	Mar 2, 2022 8:49:46 PM	981.8386	
1646273117136	Mar 2, 2022 9:05:17 PM	981.97205	
1646274204145	Mar 2, 2022 9:23:24 PM	981.9438	
1646275641941	Mar 2, 2022 9:47:21 PM	981.95465	
1646276803428	Mar 2, 2022 10:06:43 PM	981.852	
1646277767628	Mar 2, 2022 10:22:47 PM	981.2513	
1646278787638	Mar 2, 2022 10:39:47 PM	981.2126	
1646279890442	Mar 2, 2022 10:58:10 PM	981.1616	
1646280947897	Mar 2, 2022 11:15:47 PM	980.9313	
1646282535743	Mar 2, 2022 11:42:15 PM	980.77655	
1646284122503	Mar 3, 2022 12:08:42 AM	980.67755	
1646285331116	Mar 3, 2022 12:28:51 AM	980.54877	
1646286907036	Mar 3, 2022 12:55:07 AM	980.37555	
1646288519805	Mar 3, 2022 1:21:59 AM	980.7436	
1646290129318	Mar 3, 2022 1:48:49 AM	980.8071	
1646291774986	Mar 3, 2022 2:16:14 AM	981.46014	
1646293394115	Mar 3, 2022 2:43:14 AM	981.5819	
1646294973067	Mar 3, 2022 3:09:33 AM	981.3983	
1646296596946	Mar 3, 2022 3:36:36 AM	981.4891	
1646298173909	Mar 3, 2022 4:02:53 AM	981.67035	
1646299799804	Mar 3, 2022 4:29:59 AM	981.95123	
1646300733379	Mar 3, 2022 4:45:33 AM	982.23193	
1646301902841	Mar 3, 2022 5:05:02 AM	982.4982	
1646303048871	Mar 3, 2022 5:24:08 AM	982.8697	
1646304415888	Mar 3, 2022 5:46:55 AM	983.19543	
1646305997567	Mar 3, 2022 6:13:17 AM	983.69183	
1646306971835	Mar 3, 2022 6:29:31 AM	983.81445	
1646307970258	Mar 3, 2022 6:46:10 AM	984.6156	
1646309225548	Mar 3, 2022 7:07:05 AM	985.12006	
1646310271782	Mar 3, 2022 7:24:31 AM	985.565	
1646311232670	Mar 3, 2022 7:40:32 AM	985.7401	
1646312230185	Mar 3, 2022 7:57:10 AM	985.2969	
1646313314157	Mar 3, 2022 8:15:14 AM	985.8878	
1646314312477	Mar 3, 2022 8:31:52 AM	986.4639	
1646315425009	Mar 3, 2022 8:50:25 AM	986.06335	
1646316396690	Mar 3, 2022 9:06:36 AM	984.8243	
1646317898755	Mar 3, 2022 9:31:38 AM	985.4248	
1646319553865	Mar 3, 2022 9:59:13 AM	985.80707	
1646320773052	Mar 3, 2022 10:19:33 AM	988.2812	
1646321843359	Mar 3, 2022 10:37:23 AM	988.56805	
1646323414319	Mar 3, 2022 11:03:34 AM	989.0016	
1646324360410	Mar 3, 2022 11:19:20 AM	989.26526	
1646325272427	Mar 3, 2022 11:34:32 AM	989.4816	
1646326839605	Mar 3, 2022 12:00:39 PM	989.2842	
1646327126931	Mar 3, 2022 12:05:26 PM	989.2321	
1646328647824	Mar 3, 2022 12:30:47 PM	989.1027	
1646330255963	Mar 3, 2022 12:57:35 PM	989.43933	
1646331871317	Mar 3, 2022 1:24:31 PM	989.2113	
1646332780387	Mar 3, 2022 1:39:40 PM	989.5396	
1646333700574	Mar 3, 2022 1:55:00 PM	989.41	
1646334751366	Mar 3, 2022 2:12:31 PM	989.502	
1646335749336	Mar 3, 2022 2:29:09 PM	989.0439	
1646337377301	Mar 3, 2022 2:56:17 PM	989.0734	
1646338513049	Mar 3, 2022 3:15:13 PM	989.23004	
1646340130503	Mar 3, 2022 3:42:10 PM	989.4557	
1646341727620	Mar 3, 2022 4:08:47 PM	989.76	
1646342808653	Mar 3, 2022 4:26:48 PM	989.91595	
1646343811461	Mar 3, 2022 4:43:31 PM	990.1916	
1646344759452	Mar 3, 2022 4:59:19 PM	990.29614	
1646346360196	Mar 3, 2022 5:26:00 PM	990.47375	
1646347350555	Mar 3, 2022 5:42:30 PM	990.82996	
1646348324892	Mar 3, 2022 5:58:44 PM	990.7821	
1646349417466	Mar 3, 2022 6:16:57 PM	990.7632	
1646350325238	Mar 3, 2022 6:32:05 PM	991.2101	
1646351356743	Mar 3, 2022 6:49:16 PM	991.56287	
1646352285995	Mar 3, 2022 7:04:45 PM	991.5694	
1646353428999	Mar 3, 2022 7:23:48 PM	991.66907	
1646355068642	Mar 3, 2022 7:51:08 PM	991.94574	
1646356322488	Mar 3, 2022 8:12:02 PM	992.05096	
1646357893510	Mar 3, 2022 8:38:13 PM	991.89325	
1646359514919	Mar 3, 2022 9:05:14 PM	992.2205	
1646361091334	Mar 3, 2022 9:31:31 PM	992.602	
1646362666624	Mar 3, 2022 9:57:46 PM	992.6132	
1646364214573	Mar 3, 2022 10:23:34 PM	992.2609	
1646365231915	Mar 3, 2022 10:40:31 PM	992.6347	
1646366939115	Mar 3, 2022 11:08:59 PM	992.5835	
1646368282288	Mar 3, 2022 11:31:22 PM	992.3166	
1646369859376	Mar 3, 2022 11:57:39 PM	992.51886	
1646371466299	Mar 4, 2022 12:24:26 AM	992.41583	
1646372739764	Mar 4, 2022 12:45:39 AM	992.1957	
1646374213272	Mar 4, 2022 1:10:13 AM	992.07306	
1646375845251	Mar 4, 2022 1:37:25 AM	992.1765	
1646377422182	Mar 4, 2022 2:03:42 AM	992.05774	
1646379046560	Mar 4, 2022 2:30:46 AM	991.8255	
1646380632748	Mar 4, 2022 2:57:12 AM	991.90753	
1646382276447	Mar 4, 2022 3:24:36 AM	991.7458	
1646383877866	Mar 4, 2022 3:51:17 AM	991.9305	
1646385479298	Mar 4, 2022 4:17:59 AM	991.8387	
1646387062637	Mar 4, 2022 4:44:22 AM	992.0482	
1646388673997	Mar 4, 2022 5:11:13 AM	992.6332	
1646390356011	Mar 4, 2022 5:39:16 AM	992.90076	
1646391933024	Mar 4, 2022 6:05:33 AM	992.5754	
1646393221353	Mar 4, 2022 6:27:01 AM	992.37354	
1646394399032	Mar 4, 2022 6:46:39 AM	992.6185	
1646395915301	Mar 4, 2022 7:11:55 AM	992.54395	
1646396890668	Mar 4, 2022 7:28:10 AM	992.8259	
1646397871954	Mar 4, 2022 7:44:31 AM	993.2915	
1646398937830	Mar 4, 2022 8:02:17 AM	993.5871	
1646400193947	Mar 4, 2022 8:23:13 AM	993.51526	
1646401227948	Mar 4, 2022 8:40:27 AM	993.50977	
1646402733930	Mar 4, 2022 9:05:33 AM	993.42755	
1646403636552	Mar 4, 2022 9:20:36 AM	993.6528	
1646404829258	Mar 4, 2022 9:40:29 AM	993.8217	
1646406112359	Mar 4, 2022 10:01:52 AM	993.65	
1646407092908	Mar 4, 2022 10:18:12 AM	993.8778	
1646408155110	Mar 4, 2022 10:35:55 AM	993.87164	
1646409731900	Mar 4, 2022 11:02:11 AM	993.46027	
1646410678680	Mar 4, 2022 11:17:58 AM	993.3956	
1646411698707	Mar 4, 2022 11:34:58 AM	993.6426	
1646412743575	Mar 4, 2022 11:52:23 AM	993.4632	
1646413740559	Mar 4, 2022 12:09:00 PM	993.2352	
1646414780982	Mar 4, 2022 12:26:20 PM	992.9709	
1646415723044	Mar 4, 2022 12:42:03 PM	991.4568	
1646416719610	Mar 4, 2022 12:58:39 PM	991.97595	
1646417706803	Mar 4, 2022 1:15:06 PM	991.70416	
1646418776815	Mar 4, 2022 1:32:56 PM	991.2934	
1646419792513	Mar 4, 2022 1:49:52 PM	991.0809	
1646420891779	Mar 4, 2022 2:08:11 PM	990.8412	
1646421837802	Mar 4, 2022 2:23:57 PM	990.58215	
1646423258481	Mar 4, 2022 2:47:38 PM	990.3537	
1646424371383	Mar 4, 2022 3:06:11 PM	990.0248	
1646425287459	Mar 4, 2022 3:21:27 PM	990.2011	
1646425781633	Mar 4, 2022 3:29:41 PM	990.26086	
1646426846040	Mar 4, 2022 3:47:26 PM	989.94653	
1646428183725	Mar 4, 2022 4:09:43 PM	989.86664	
1646429778734	Mar 4, 2022 4:36:18 PM	989.73706	
1646431362052	Mar 4, 2022 5:02:42 PM	989.67456	
1646432344482	Mar 4, 2022 5:19:04 PM	989.6157	
1646433298928	Mar 4, 2022 5:34:58 PM	989.7428	
1646434219765	Mar 4, 2022 5:50:19 PM	989.4491	
1646435320316	Mar 4, 2022 6:08:40 PM	989.6404	
1646436287429	Mar 4, 2022 6:24:47 PM	989.68945	
1646437267451	Mar 4, 2022 6:41:07 PM	989.5919	
1646438198373	Mar 4, 2022 6:56:38 PM	989.53345	
1646439123414	Mar 4, 2022 7:12:03 PM	989.4419	
1646440041967	Mar 4, 2022 7:27:21 PM	989.4468	
1646440980154	Mar 4, 2022 7:43:00 PM	989.366	
1646442000292	Mar 4, 2022 8:00:00 PM	989.35583	
1646443019570	Mar 4, 2022 8:16:59 PM	989.21045	
1646443935434	Mar 4, 2022 8:32:15 PM	989.0016	
1646445579119	Mar 4, 2022 8:59:39 PM	988.8486	
1646447155568	Mar 4, 2022 9:25:55 PM	988.6004	
1646448758385	Mar 4, 2022 9:52:38 PM	988.6344	
1646450278476	Mar 4, 2022 10:17:58 PM	988.26953	
1646451223819	Mar 4, 2022 10:33:43 PM	988.1165	
1646452952159	Mar 4, 2022 11:02:32 PM	987.9255	
1646454539881	Mar 4, 2022 11:28:59 PM	987.75635	
1646456123158	Mar 4, 2022 11:55:23 PM	987.51874	
1646457699438	Mar 5, 2022 12:21:39 AM	987.30414	
1646459275431	Mar 5, 2022 12:47:55 AM	986.9552	
1646460862322	Mar 5, 2022 1:14:22 AM	987.04785	
1646462458107	Mar 5, 2022 1:40:58 AM	987.19196	
1646464175659	Mar 5, 2022 2:09:35 AM	987.051	
1646465616834	Mar 5, 2022 2:33:36 AM	986.9265	
1646467201068	Mar 5, 2022 3:00:01 AM	986.7897	
1646468947568	Mar 5, 2022 3:29:07 AM	986.7512	
1646470552252	Mar 5, 2022 3:55:52 AM	986.2491	
1646472134834	Mar 5, 2022 4:22:14 AM	986.3309	
1646473750133	Mar 5, 2022 4:49:10 AM	986.2425	
1646475352192	Mar 5, 2022 5:15:52 AM	986.22864	
1646477042079	Mar 5, 2022 5:44:02 AM	986.3868	
1646478232690	Mar 5, 2022 6:03:52 AM	986.8993	
1646479290227	Mar 5, 2022 6:21:30 AM	987.07697	
1646480221274	Mar 5, 2022 6:37:01 AM	987.14197	
1646481217155	Mar 5, 2022 6:53:37 AM	987.2508	
1646482153078	Mar 5, 2022 7:09:13 AM	987.3479	
1646483719260	Mar 5, 2022 7:35:19 AM	987.3547	
1646484831686	Mar 5, 2022 7:53:51 AM	987.86664	
1646485402011	Mar 5, 2022 8:03:22 AM	987.7695	
1646486436023	Mar 5, 2022 8:20:36 AM	987.6127	
1646487547331	Mar 5, 2022 8:39:07 AM	987.7555	
1646488564500	Mar 5, 2022 8:56:04 AM	988.10187	
1646489702410	Mar 5, 2022 9:15:02 AM	988.1603	
1646490626122	Mar 5, 2022 9:30:26 AM	987.29645	
1646491536497	Mar 5, 2022 9:45:36 AM	987.0015	
1646492506351	Mar 5, 2022 10:01:46 AM	987.0976	
1646493482790	Mar 5, 2022 10:18:02 AM	987.14795	
1646494128387	Mar 5, 2022 10:28:48 AM	986.907	
1646495080102	Mar 5, 2022 10:44:40 AM	985.23737	
1646496178253	Mar 5, 2022 11:02:58 AM	984.7639	
1646497340064	Mar 5, 2022 11:22:20 AM	987.0959	
1646498032013	Mar 5, 2022 11:33:52 AM	986.98535	
1646498989294	Mar 5, 2022 11:49:49 AM	986.864	
1646499958643	Mar 5, 2022 12:05:58 PM	986.6173	
1646500963055	Mar 5, 2022 12:22:43 PM	986.4775	
1646502059369	Mar 5, 2022 12:40:59 PM	986.2346	
1646502980415	Mar 5, 2022 12:56:20 PM	986.1077	
1646503969755	Mar 5, 2022 1:12:49 PM	986.08563	
1646505022142	Mar 5, 2022 1:30:22 PM	985.2731	
1646506582016	Mar 5, 2022 1:56:22 PM	984.84186	
1646507966840	Mar 5, 2022 2:19:26 PM	984.5393	
1646509542111	Mar 5, 2022 2:45:42 PM	984.1385	
1646510969969	Mar 5, 2022 3:09:29 PM	984.0163	
1646511338490	Mar 5, 2022 3:15:38 PM	984.08453	
1646512244212	Mar 5, 2022 3:30:44 PM	984.1776	
1646513169006	Mar 5, 2022 3:46:09 PM	984.48126	
1646514171344	Mar 5, 2022 4:02:51 PM	984.3057	
1646515355944	Mar 5, 2022 4:22:35 PM	984.3744	
1646516308092	Mar 5, 2022 4:38:28 PM	984.191	
1646517399601	Mar 5, 2022 4:56:39 PM	984.0055	
1646518400223	Mar 5, 2022 5:13:20 PM	983.54266	
1646519348775	Mar 5, 2022 5:29:08 PM	983.74286	
1646520317626	Mar 5, 2022 5:45:17 PM	983.8523	
1646521312269	Mar 5, 2022 6:01:52 PM	983.7828	
1646522228629	Mar 5, 2022 6:17:08 PM	983.736	
1646523228666	Mar 5, 2022 6:33:48 PM	983.2284	
1646524285737	Mar 5, 2022 6:51:25 PM	983.63873	
1646525333371	Mar 5, 2022 7:08:53 PM	983.65765	
1646526287796	Mar 5, 2022 7:24:47 PM	983.6306	
1646527501948	Mar 5, 2022 7:45:01 PM	983.6134	
1646528534604	Mar 5, 2022 8:02:14 PM	983.57074	
1646529450748	Mar 5, 2022 8:17:30 PM	983.58325	
1646530662464	Mar 5, 2022 8:37:42 PM	983.6094	
1646531645792	Mar 5, 2022 8:54:05 PM	983.664	
1646532619086	Mar 5, 2022 9:10:19 PM	983.6445	
1646533526063	Mar 5, 2022 9:25:26 PM	983.6782	
1646534434927	Mar 5, 2022 9:40:34 PM	983.5637	
1646535601436	Mar 5, 2022 10:00:01 PM	983.2845	
1646536614320	Mar 5, 2022 10:16:54 PM	983.2575	
1646538195464	Mar 5, 2022 10:43:15 PM	983.03735	
1646539810803	Mar 5, 2022 11:10:10 PM	983.008	
1646541386753	Mar 5, 2022 11:36:26 PM	982.61487	
1646542964930	Mar 6, 2022 12:02:44 AM	982.29974	
1646544541700	Mar 6, 2022 12:29:01 AM	982.23114	
1646546177333	Mar 6, 2022 12:56:17 AM	982.22046	
1646547447618	Mar 6, 2022 1:17:27 AM	982.457	
1646549103309	Mar 6, 2022 1:45:03 AM	982.3144	
1646550679646	Mar 6, 2022 2:11:19 AM	981.7708	
1646552256602	Mar 6, 2022 2:37:36 AM	981.5169	
1646553845271	Mar 6, 2022 3:04:05 AM	981.52155	
1646555471307	Mar 6, 2022 3:31:11 AM	981.6486	
1646557094631	Mar 6, 2022 3:58:14 AM	981.4899	
1646558701216	Mar 6, 2022 4:25:01 AM	981.34094	
1646560294191	Mar 6, 2022 4:51:34 AM	981.7761	
1646561882188	Mar 6, 2022 5:18:02 AM	981.7275	
1646563458515	Mar 6, 2022 5:44:18 AM	981.77466	
1646565132586	Mar 6, 2022 6:12:12 AM	981.82245	
1646566081454	Mar 6, 2022 6:28:01 AM	981.9674	
1646567114291	Mar 6, 2022 6:45:14 AM	982.19794	
1646568139494	Mar 6, 2022 7:02:19 AM	982.34735	
1646569148406	Mar 6, 2022 7:19:08 AM	982.53564	
1646570363414	Mar 6, 2022 7:39:23 AM	982.96765	
1646571376757	Mar 6, 2022 7:56:16 AM	983.157	
1646572474926	Mar 6, 2022 8:14:34 AM	983.267	
1646574059340	Mar 6, 2022 8:40:59 AM	983.4309	
1646575650231	Mar 6, 2022 9:07:30 AM	983.85034	
1646576243064	Mar 6, 2022 9:17:23 AM	984.0516	
1646577841783	Mar 6, 2022 9:44:01 AM	983.885	
1646579421495	Mar 6, 2022 10:10:21 AM	984.8861	
1646580373913	Mar 6, 2022 10:26:13 AM	984.9947	
1646581419174	Mar 6, 2022 10:43:39 AM	984.84064	
1646582456614	Mar 6, 2022 11:00:56 AM	984.8111	
1646583917369	Mar 6, 2022 11:25:17 AM	984.7386	
1646584903479	Mar 6, 2022 11:41:43 AM	985.0429	
1646586388258	Mar 6, 2022 12:06:28 PM	984.7284	
1646587406273	Mar 6, 2022 12:23:26 PM	984.30914	
1646588340479	Mar 6, 2022 12:39:00 PM	985.22906	
1646589351749	Mar 6, 2022 12:55:51 PM	984.66315	
1646590928246	Mar 6, 2022 1:22:08 PM	984.5346	
1646591884160	Mar 6, 2022 1:38:04 PM	984.6232	
1646592820392	Mar 6, 2022 1:53:40 PM	984.2962	
1646593801115	Mar 6, 2022 2:10:01 PM	983.60516	
1646594800431	Mar 6, 2022 2:26:40 PM	983.8285	
1646595964242	Mar 6, 2022 2:46:04 PM	983.4519	
1646597032417	Mar 6, 2022 3:03:52 PM	983.4666	
1646597972022	Mar 6, 2022 3:19:32 PM	982.4691	
1646599547369	Mar 6, 2022 3:45:47 PM	983.12317	
1646600528183	Mar 6, 2022 4:02:08 PM	983.7503	
1646601729503	Mar 6, 2022 4:22:09 PM	984.27386	
1646602654925	Mar 6, 2022 4:37:34 PM	984.42706	
1646603710082	Mar 6, 2022 4:55:10 PM	983.5856	
1646604618781	Mar 6, 2022 5:10:18 PM	983.4345	
1646605633615	Mar 6, 2022 5:27:13 PM	983.8667	
1646606795789	Mar 6, 2022 5:46:35 PM	983.73816	
1646607731082	Mar 6, 2022 6:02:11 PM	983.47894	
1646608706281	Mar 6, 2022 6:18:26 PM	983.847	
1646610399792	Mar 6, 2022 6:46:39 PM	983.6997	
1646611347693	Mar 6, 2022 7:02:27 PM	983.8242	
1646612579026	Mar 6, 2022 7:22:59 PM	983.3548	
1646613874707	Mar 6, 2022 7:44:34 PM	982.8433	
1646615054373	Mar 6, 2022 8:04:14 PM	982.95746	
1646615971513	Mar 6, 2022 8:19:31 PM	983.12213	
1646617576701	Mar 6, 2022 8:46:16 PM	982.24133	
1646618518862	Mar 6, 2022 9:01:58 PM	982.40027	
1646620135645	Mar 6, 2022 9:28:55 PM	982.0734	
1646621073643	Mar 6, 2022 9:44:33 PM	981.1899	
1646622702072	Mar 6, 2022 10:11:42 PM	980.8329	
1646624335598	Mar 6, 2022 10:38:55 PM	980.7156	
1646625492047	Mar 6, 2022 10:58:12 PM	980.2385	
1646626993851	Mar 6, 2022 11:23:13 PM	979.50195	
1646628625707	Mar 6, 2022 11:50:25 PM	978.90424	
1646630227122	Mar 7, 2022 12:17:07 AM	977.86957	
1646631802428	Mar 7, 2022 12:43:22 AM	977.36743	
1646633377783	Mar 7, 2022 1:09:37 AM	976.6001	
1646634286505	Mar 7, 2022 1:24:46 AM	975.7773	
1646635861796	Mar 7, 2022 1:51:01 AM	975.0233	
1646637437122	Mar 7, 2022 2:17:17 AM	974.6827	
1646639014016	Mar 7, 2022 2:43:34 AM	973.8954	
1646640590228	Mar 7, 2022 3:09:50 AM	973.65314	
1646642168361	Mar 7, 2022 3:36:08 AM	973.5991	
1646643826927	Mar 7, 2022 4:03:46 AM	973.55005	
1646645449767	Mar 7, 2022 4:30:49 AM	973.172	
1646647051193	Mar 7, 2022 4:57:31 AM	973.1257	
1646648631143	Mar 7, 2022 5:23:51 AM	973.0853	
1646649750693	Mar 7, 2022 5:42:30 AM	972.79144	
1646650921648	Mar 7, 2022 6:02:01 AM	972.26807	
1646652099668	Mar 7, 2022 6:21:39 AM	972.73956	
1646652458030	Mar 7, 2022 6:27:38 AM	972.7793	
1646653399301	Mar 7, 2022 6:43:19 AM	973.1291	
1646654495664	Mar 7, 2022 7:01:35 AM	972.9376	
1646655813087	Mar 7, 2022 7:23:33 AM	973.7623	
1646656794333	Mar 7, 2022 7:39:54 AM	972.13885	
1646657815119	Mar 7, 2022 7:56:55 AM	972.77423	
1646658807979	Mar 7, 2022 8:13:27 AM	972.9687	
1646659742643	Mar 7, 2022 8:29:02 AM	971.1412	
1646660646439	Mar 7, 2022 8:44:06 AM	972.05853	
1646661687322	Mar 7, 2022 9:01:27 AM	971.8596	
1646662836811	Mar 7, 2022 9:20:36 AM	971.47034	
1646663832813	Mar 7, 2022 9:37:12 AM	971.6737	
1646664799649	Mar 7, 2022 9:53:19 AM	971.7659	
1646665082556	Mar 7, 2022 9:58:02 AM	971.5438	
1646666002886	Mar 7, 2022 10:13:22 AM	971.0589	
1646667185144	Mar 7, 2022 10:33:05 AM	971.3639	
1646668760494	Mar 7, 2022 10:59:20 AM	971.4807	
1646669813635	Mar 7, 2022 11:16:53 AM	971.8652	
1646671121611	Mar 7, 2022 11:38:41 AM	971.4329	
1646672696958	Mar 7, 2022 12:04:56 PM	971.7	
1646673612546	Mar 7, 2022 12:20:12 PM	971.73975	
1646674557253	Mar 7, 2022 12:35:57 PM	971.9119	
1646676129429	Mar 7, 2022 1:02:09 PM	973.875	
1646677180649	Mar 7, 2022 1:19:40 PM	974.3284	
1646678410678	Mar 7, 2022 1:40:10 PM	974.933	
1646679618743	Mar 7, 2022 2:00:18 PM	975.69464	
1646681061783	Mar 7, 2022 2:24:21 PM	976.14764	
1646682638414	Mar 7, 2022 2:50:38 PM	976.4715	
1646683693726	Mar 7, 2022 3:08:13 PM	976.90436	
1646684796371	Mar 7, 2022 3:26:36 PM	976.9637	
1646685734033	Mar 7, 2022 3:42:14 PM	977.66705	
1646686645745	Mar 7, 2022 3:57:25 PM	979.7778	
1646687873990	Mar 7, 2022 4:17:53 PM	980.4652	
1646688987181	Mar 7, 2022 4:36:27 PM	981.06573	
1646689923834	Mar 7, 2022 4:52:03 PM	980.4144	
1646690826774	Mar 7, 2022 5:07:06 PM	983.40137	
1646691821254	Mar 7, 2022 5:23:41 PM	983.1633	
1646693320821	Mar 7, 2022 5:48:40 PM	983.51587	
1646694366473	Mar 7, 2022 6:06:06 PM	983.9405	
1646695284077	Mar 7, 2022 6:21:24 PM	984.27155	
1646696334590	Mar 7, 2022 6:38:54 PM	984.82465	
1646697272267	Mar 7, 2022 6:54:32 PM	984.92346	
1646698324250	Mar 7, 2022 7:12:04 PM	985.3113	
1646699906766	Mar 7, 2022 7:38:26 PM	985.83344	
1646700895785	Mar 7, 2022 7:54:55 PM	985.86633	
1646701921419	Mar 7, 2022 8:12:01 PM	986.227	
1646702854631	Mar 7, 2022 8:27:34 PM	986.4641	
1646703862938	Mar 7, 2022 8:44:22 PM	986.54675	
1646705381131	Mar 7, 2022 9:09:41 PM	986.90656	
1646706486656	Mar 7, 2022 9:28:06 PM	987.0419	
1646708066464	Mar 7, 2022 9:54:26 PM	987.506	
1646709350163	Mar 7, 2022 10:15:50 PM	987.6637	
1646710389510	Mar 7, 2022 10:33:09 PM	987.5283	
1646711563127	Mar 7, 2022 10:52:43 PM	987.4469	
1646713144772	Mar 7, 2022 11:19:04 PM	987.6199	
1646714819093	Mar 7, 2022 11:46:59 PM	987.62604	
1646716396081	Mar 8, 2022 12:13:16 AM	987.6588	
1646717973339	Mar 8, 2022 12:39:33 AM	987.7519	
1646719589413	Mar 8, 2022 1:06:29 AM	987.7542	
1646721232710	Mar 8, 2022 1:33:52 AM	987.92377	
1646722659991	Mar 8, 2022 1:57:39 AM	987.97925	
1646724276486	Mar 8, 2022 2:24:36 AM	988.05066	
1646725851783	Mar 8, 2022 2:50:51 AM	988.0109	
1646727529215	Mar 8, 2022 3:18:49 AM	987.86597	
1646729130631	Mar 8, 2022 3:45:30 AM	987.9474	
1646730707584	Mar 8, 2022 4:11:47 AM	987.9331	
1646732325498	Mar 8, 2022 4:38:45 AM	988.06213	
1646733934897	Mar 8, 2022 5:05:34 AM	988.26166	
1646735536315	Mar 8, 2022 5:32:16 AM	988.3364	
1646736444854	Mar 8, 2022 5:47:24 AM	988.50494	
1646737483839	Mar 8, 2022 6:04:43 AM	988.6954	
1646738548898	Mar 8, 2022 6:22:28 AM	988.78674	
1646739600114	Mar 8, 2022 6:40:00 AM	988.81287	
1646740893896	Mar 8, 2022 7:01:33 AM	988.81946	
1646741926109	Mar 8, 2022 7:18:46 AM	989.35175	
1646742909229	Mar 8, 2022 7:35:09 AM	989.457	
1646744421538	Mar 8, 2022 8:00:21 AM	989.56573	
1646745398790	Mar 8, 2022 8:16:38 AM	989.56256	
1646746543627	Mar 8, 2022 8:35:43 AM	989.6763	
1646747448257	Mar 8, 2022 8:50:48 AM	986.479	
1646748353402	Mar 8, 2022 9:05:53 AM	986.64343	
1646749265657	Mar 8, 2022 9:21:05 AM	986.405	
1646750193715	Mar 8, 2022 9:36:33 AM	986.30347	
1646751095461	Mar 8, 2022 9:51:35 AM	986.3836	
1646752057712	Mar 8, 2022 10:07:37 AM	986.04443	
1646752121715	Mar 8, 2022 10:08:41 AM	986.00446	
1646753111526	Mar 8, 2022 10:25:11 AM	986.1819	
1646754210042	Mar 8, 2022 10:43:30 AM	989.21643	
1646754254764	Mar 8, 2022 10:44:14 AM	989.2026	
1646755314662	Mar 8, 2022 11:01:54 AM	988.84454	
1646756816527	Mar 8, 2022 11:26:56 AM	988.55255	
1646757780657	Mar 8, 2022 11:43:00 AM	988.4663	
1646759041293	Mar 8, 2022 12:04:01 PM	988.19855	
1646760377523	Mar 8, 2022 12:26:17 PM	987.9004	
1646761348419	Mar 8, 2022 12:42:28 PM	987.6399	
1646762291912	Mar 8, 2022 12:58:11 PM	987.14154	
1646763355611	Mar 8, 2022 1:15:55 PM	986.35657	
1646764935529	Mar 8, 2022 1:42:15 PM	986.017	
1646766518288	Mar 8, 2022 2:08:38 PM	985.4666	
1646767758551	Mar 8, 2022 2:29:18 PM	985.05566	
1646768711802	Mar 8, 2022 2:45:11 PM	985.272	
1646769787103	Mar 8, 2022 3:03:07 PM	984.7318	
1646771388523	Mar 8, 2022 3:29:48 PM	984.32996	
1646772965474	Mar 8, 2022 3:56:05 PM	983.8136	
1646774540779	Mar 8, 2022 4:22:20 PM	983.60406	
1646775811474	Mar 8, 2022 4:43:31 PM	983.2035	
1646776811561	Mar 8, 2022 5:00:11 PM	983.1385	
1646777930649	Mar 8, 2022 5:18:50 PM	983.32465	
1646778884338	Mar 8, 2022 5:34:44 PM	983.03265	
1646779888956	Mar 8, 2022 5:51:28 PM	982.9377	
1646780841808	Mar 8, 2022 6:07:21 PM	982.5516	
1646782357907	Mar 8, 2022 6:32:37 PM	982.9075	
1646783593776	Mar 8, 2022 6:53:13 PM	983.02545	
1646784703442	Mar 8, 2022 7:11:43 PM	983.1342	
1646785821068	Mar 8, 2022 7:30:21 PM	982.5271	
1646786119614	Mar 8, 2022 7:35:19 PM	982.61914	
1646787793386	Mar 8, 2022 8:03:13 PM	983.0239	
1646789093269	Mar 8, 2022 8:24:53 PM	983.1944	
1646790106364	Mar 8, 2022 8:41:46 PM	983.08215	
1646791718055	Mar 8, 2022 9:08:38 PM	982.76154	
1646792148145	Mar 8, 2022 9:15:48 PM	982.3544	
1646793738357	Mar 8, 2022 9:42:18 PM	982.937	
1646795314356	Mar 8, 2022 10:08:34 PM	982.80786	
1646796580453	Mar 8, 2022 10:29:40 PM	982.1431	
1646798155741	Mar 8, 2022 10:55:55 PM	981.58344	
1646799732334	Mar 8, 2022 11:22:12 PM	980.7496	
1646801317975	Mar 8, 2022 11:48:37 PM	979.9461	
1646802933684	Mar 9, 2022 12:15:33 AM	979.04553	
1646804528196	Mar 9, 2022 12:42:08 AM	978.2153	
1646806117910	Mar 9, 2022 1:08:37 AM	978.6239	
1646807818431	Mar 9, 2022 1:36:58 AM	978.441	
1646808825192	Mar 9, 2022 1:53:45 AM	978.1012	
1646810498879	Mar 9, 2022 2:21:38 AM	978.289	
1646812086005	Mar 9, 2022 2:48:06 AM	977.7223	
1646813650848	Mar 9, 2022 3:14:10 AM	977.6936	
1646815369448	Mar 9, 2022 3:42:49 AM	977.0446	
1646817075196	Mar 9, 2022 4:11:15 AM	977.1037	
1646818662019	Mar 9, 2022 4:37:42 AM	976.8236	
1646820263369	Mar 9, 2022 5:04:23 AM	976.83466	
1646821840071	Mar 9, 2022 5:30:40 AM	976.80365	
1646823435437	Mar 9, 2022 5:57:15 AM	976.98425	
1646824337570	Mar 9, 2022 6:12:17 AM	977.30963	
1646825346738	Mar 9, 2022 6:29:06 AM	977.6823	
1646826300937	Mar 9, 2022 6:45:00 AM	977.7544	
1646827895115	Mar 9, 2022 7:11:35 AM	978.09546	
1646828672495	Mar 9, 2022 7:24:32 AM	978.4193	
1646829842022	Mar 9, 2022 7:44:02 AM	979.14984	
1646830745976	Mar 9, 2022 7:59:05 AM	979.6422	
1646831775490	Mar 9, 2022 8:16:15 AM	979.73425	
1646833350841	Mar 9, 2022 8:42:30 AM	980.1195	
1646834760821	Mar 9, 2022 9:06:00 AM	980.532	
1646835957855	Mar 9, 2022 9:25:57 AM	980.825	
1646836919881	Mar 9, 2022 9:41:59 AM	981.00586	
1646838495231	Mar 9, 2022 10:08:15 AM	981.2678	
1646839737689	Mar 9, 2022 10:28:57 AM	981.4115	
1646841330421	Mar 9, 2022 10:55:30 AM	981.38324	
1646842932631	Mar 9, 2022 11:22:12 AM	981.30334	
1646843973991	Mar 9, 2022 11:39:33 AM	981.3074	
1646845095524	Mar 9, 2022 11:58:15 AM	981.5928	
1646846118871	Mar 9, 2022 12:15:18 PM	981.4961	
1646847180756	Mar 9, 2022 12:33:00 PM	981.3654	
1646848102694	Mar 9, 2022 12:48:22 PM	981.53815	
1646849085782	Mar 9, 2022 1:04:45 PM	979.86426	
1646850023791	Mar 9, 2022 1:20:23 PM	981.1378	
1646850978615	Mar 9, 2022 1:36:18 PM	981.05133	
1646852423935	Mar 9, 2022 2:00:23 PM	981.0184	
1646854003993	Mar 9, 2022 2:26:43 PM	980.7315	
1646855606548	Mar 9, 2022 2:53:26 PM	980.80096	
1646857182781	Mar 9, 2022 3:19:42 PM	981.0445	
1646858346733	Mar 9, 2022 3:39:06 PM	980.93445	
1646859385730	Mar 9, 2022 3:56:25 PM	980.8422	
1646860789405	Mar 9, 2022 4:19:49 PM	981.1291	
1646862399508	Mar 9, 2022 4:46:39 PM	981.2035	
1646863328043	Mar 9, 2022 5:02:08 PM	981.61127	
1646864449699	Mar 9, 2022 5:20:49 PM	981.92725	
1646864632795	Mar 9, 2022 5:23:52 PM	981.89685	
1646865592894	Mar 9, 2022 5:39:52 PM	982.4808	
1646866594437	Mar 9, 2022 5:56:34 PM	982.7424	
1646867754623	Mar 9, 2022 6:15:54 PM	982.88776	
1646868690992	Mar 9, 2022 6:31:30 PM	983.15674	
1646869928180	Mar 9, 2022 6:52:08 PM	983.4859	
1646871023186	Mar 9, 2022 7:10:23 PM	983.88586	
1646872168684	Mar 9, 2022 7:29:28 PM	983.8561	
1646873229578	Mar 9, 2022 7:47:09 PM	983.936	
1646874712269	Mar 9, 2022 8:11:52 PM	983.84143	
1646876288532	Mar 9, 2022 8:38:08 PM	983.43176	
1646877948249	Mar 9, 2022 9:05:48 PM	983.56287	
1646879550839	Mar 9, 2022 9:32:30 PM	983.70844	
1646880800094	Mar 9, 2022 9:53:20 PM	984.0176	
1646882421685	Mar 9, 2022 10:20:21 PM	984.07117	
1646884023095	Mar 9, 2022 10:47:03 PM	983.96704	
1646885062724	Mar 9, 2022 11:04:22 PM	983.4517	
1646886667910	Mar 9, 2022 11:31:07 PM	983.6251	
1646888244434	Mar 9, 2022 11:57:24 PM	983.9243	
1646889497430	Mar 10, 2022 12:18:17 AM	983.85034	
1646891073457	Mar 10, 2022 12:44:33 AM	983.74945	
1646892720134	Mar 10, 2022 1:12:00 AM	983.9458	
1646894422103	Mar 10, 2022 1:40:22 AM	983.8954	
1646895998333	Mar 10, 2022 2:06:38 AM	983.6642	
1646897598699	Mar 10, 2022 2:33:18 AM	983.47235	
1646899201050	Mar 10, 2022 3:00:01 AM	983.3132	
1646900867032	Mar 10, 2022 3:27:47 AM	983.46173	
1646902163546	Mar 10, 2022 3:49:23 AM	983.34076	
1646903749002	Mar 10, 2022 4:15:49 AM	983.6508	
1646905366391	Mar 10, 2022 4:42:46 AM	983.736	
1646906967813	Mar 10, 2022 5:09:27 AM	983.9681	
1646908548963	Mar 10, 2022 5:35:48 AM	984.24945	
1646910211499	Mar 10, 2022 6:03:31 AM	984.47955	
1646911325241	Mar 10, 2022 6:22:05 AM	984.56244	
1646912458820	Mar 10, 2022 6:40:58 AM	984.56055	
1646913379240	Mar 10, 2022 6:56:19 AM	984.50867	
1646914320090	Mar 10, 2022 7:12:00 AM	984.40985	
1646915025867	Mar 10, 2022 7:23:45 AM	984.52783	
1646915926322	Mar 10, 2022 7:38:46 AM	984.9949	
1646916902898	Mar 10, 2022 7:55:02 AM	984.8804	
1646918217202	Mar 10, 2022 8:16:57 AM	984.6948	
1646919808092	Mar 10, 2022 8:43:28 AM	984.8096	
1646920886386	Mar 10, 2022 9:01:26 AM	985.38165	
1646921970814	Mar 10, 2022 9:19:30 AM	985.1836	
1646923547121	Mar 10, 2022 9:45:47 AM	985.2182	
1646924454746	Mar 10, 2022 10:00:54 AM	985.072	
1646926131080	Mar 10, 2022 10:28:51 AM	984.94305	
1646927659422	Mar 10, 2022 10:54:19 AM	984.73737	
1646928579063	Mar 10, 2022 11:09:39 AM	985.037	
1646929488299	Mar 10, 2022 11:24:48 AM	985.1608	
1646930921054	Mar 10, 2022 11:48:41 AM	984.5703	
1646932062151	Mar 10, 2022 12:07:42 PM	984.59265	
1646933032869	Mar 10, 2022 12:23:52 PM	984.5554	
1646934608952	Mar 10, 2022 12:50:08 PM	984.15466	
1646936196703	Mar 10, 2022 1:16:36 PM	983.6385	
1646937948692	Mar 10, 2022 1:45:48 PM	983.436	
1646939535330	Mar 10, 2022 2:12:15 PM	982.902	
1646941216959	Mar 10, 2022 2:40:16 PM	982.334	
1646942793923	Mar 10, 2022 3:06:33 PM	982.43896	
1646944078961	Mar 10, 2022 3:27:58 PM	982.6782	
1646945716244	Mar 10, 2022 3:55:16 PM	982.65784	
1646947314284	Mar 10, 2022 4:21:54 PM	982.58856	
1646948693706	Mar 10, 2022 4:44:53 PM	982.91113	
1646949926368	Mar 10, 2022 5:05:26 PM	982.8397	
1646951470504	Mar 10, 2022 5:31:10 PM	982.6361	
1646952417800	Mar 10, 2022 5:46:57 PM	982.65784	
1646953369922	Mar 10, 2022 6:02:49 PM	982.6223	
1646954281195	Mar 10, 2022 6:18:01 PM	983.0775	
1646955304372	Mar 10, 2022 6:35:04 PM	983.11743	
1646956383665	Mar 10, 2022 6:53:03 PM	983.42346	
1646957368918	Mar 10, 2022 7:09:28 PM	983.335	
1646958325794	Mar 10, 2022 7:25:25 PM	983.3561	
1646959294198	Mar 10, 2022 7:41:34 PM	983.0975	
1646960488577	Mar 10, 2022 8:01:28 PM	983.1993	
1646962059510	Mar 10, 2022 8:27:39 PM	983.18695	
1646962224503	Mar 10, 2022 8:30:24 PM	983.1523	
1646963442765	Mar 10, 2022 8:50:42 PM	983.20056	
1646965036807	Mar 10, 2022 9:17:16 PM	983.19183	
1646966092697	Mar 10, 2022 9:34:52 PM	983.0469	
1646967653414	Mar 10, 2022 10:00:53 PM	983.34204	
1646968691432	Mar 10, 2022 10:18:11 PM	982.9772	
1646970294386	Mar 10, 2022 10:44:54 PM	983.19525	
1646971918370	Mar 10, 2022 11:11:58 PM	983.1128	
1646973114784	Mar 10, 2022 11:31:54 PM	983.00507	
1646974716502	Mar 10, 2022 11:58:36 PM	982.803	
1646976317908	Mar 11, 2022 12:25:17 AM	982.4946	
1646977893589	Mar 11, 2022 12:51:33 AM	982.2664	
1646979502619	Mar 11, 2022 1:18:22 AM	981.93726	
1646981182519	Mar 11, 2022 1:46:22 AM	981.80273	
1646982770616	Mar 11, 2022 2:12:50 AM	981.4185	
1646984347549	Mar 11, 2022 2:39:07 AM	981.0987	
1646985986785	Mar 11, 2022 3:06:26 AM	980.70135	
1646987573184	Mar 11, 2022 3:32:53 AM	980.32733	
1646989162667	Mar 11, 2022 3:59:22 AM	980.597	
1646990390669	Mar 11, 2022 4:19:50 AM	980.7001	
1646992105676	Mar 11, 2022 4:48:25 AM	980.7054	
1646993587503	Mar 11, 2022 5:13:07 AM	980.777	
1646994747443	Mar 11, 2022 5:32:27 AM	980.6809	
1646996360142	Mar 11, 2022 5:59:20 AM	980.3688	
1646997771409	Mar 11, 2022 6:22:51 AM	980.4563	
1646999099528	Mar 11, 2022 6:44:59 AM	980.3817	
1647000061418	Mar 11, 2022 7:01:01 AM	980.451	
1647000974990	Mar 11, 2022 7:16:14 AM	980.33264	
1647001948370	Mar 11, 2022 7:32:28 AM	980.45056	
1647002859952	Mar 11, 2022 7:47:39 AM	980.86304	
1647003931012	Mar 11, 2022 8:05:31 AM	981.01306	
1647004859317	Mar 11, 2022 8:20:59 AM	980.71216	
1647006495889	Mar 11, 2022 8:48:15 AM	980.37067	
1647007986040	Mar 11, 2022 9:13:06 AM	980.61523	
1647009129570	Mar 11, 2022 9:32:09 AM	980.5343	
1647010055320	Mar 11, 2022 9:47:35 AM	980.2077	
1647011035444	Mar 11, 2022 10:03:55 AM	980.2196	
1647012610710	Mar 11, 2022 10:30:10 AM	979.7861	
1647014189145	Mar 11, 2022 10:56:29 AM	979.51135	
1647015209398	Mar 11, 2022 11:13:29 AM	979.7508	
1647016255899	Mar 11, 2022 11:30:55 AM	979.479	
1647017974175	Mar 11, 2022 11:59:34 AM	979.2818	
1647018948500	Mar 11, 2022 12:15:48 PM	978.97095	
1647019910960	Mar 11, 2022 12:31:50 PM	978.98987	
1647020882411	Mar 11, 2022 12:48:02 PM	978.6071	
1647022459210	Mar 11, 2022 1:14:19 PM	977.80817	
1647023599989	Mar 11, 2022 1:33:19 PM	977.72485	
1647024517601	Mar 11, 2022 1:48:37 PM	977.36615	
1647026099378	Mar 11, 2022 2:14:59 PM	977.17	
1647027729430	Mar 11, 2022 2:42:09 PM	976.88586	
1647029032182	Mar 11, 2022 3:03:52 PM	976.62366	
1647030485480	Mar 11, 2022 3:28:05 PM	976.2025	
1647031441040	Mar 11, 2022 3:44:01 PM	975.915	
1647032398966	Mar 11, 2022 3:59:58 PM	975.8206	
1647033621788	Mar 11, 2022 4:20:21 PM	974.8129	
1647034247449	Mar 11, 2022 4:30:47 PM	976.0244	
1647035318960	Mar 11, 2022 4:48:38 PM	975.8844	
1647036277947	Mar 11, 2022 5:04:37 PM	975.9868	
1647037872779	Mar 11, 2022 5:31:12 PM	976.86993	
1647038962181	Mar 11, 2022 5:49:22 PM	977.7382	
1647039894622	Mar 11, 2022 6:04:54 PM	977.98834	
1647041086201	Mar 11, 2022 6:24:46 PM	977.6966	
1647042661586	Mar 11, 2022 6:51:01 PM	977.9998	
1647043673993	Mar 11, 2022 7:07:53 PM	977.8942	
1647044639311	Mar 11, 2022 7:23:59 PM	978.27075	
1647045632749	Mar 11, 2022 7:40:32 PM	978.52045	
1647046891732	Mar 11, 2022 8:01:31 PM	978.5349	
1647048521650	Mar 11, 2022 8:28:41 PM	978.9584	
1647050209199	Mar 11, 2022 8:56:49 PM	979.2584	
1647051201308	Mar 11, 2022 9:13:21 PM	978.97516	
1647052802722	Mar 11, 2022 9:40:02 PM	979.23425	
1647054138932	Mar 11, 2022 10:02:18 PM	979.6749	
1647055221595	Mar 11, 2022 10:20:21 PM	979.6626	
1647056301614	Mar 11, 2022 10:38:21 PM	980.0504	
1647057780079	Mar 11, 2022 11:03:00 PM	979.34875	
1647059278841	Mar 11, 2022 11:27:58 PM	979.4093	
1647060854918	Mar 11, 2022 11:54:14 PM	979.28754	
1647062431820	Mar 12, 2022 12:20:31 AM	979.62885	
1647064148703	Mar 12, 2022 12:49:08 AM	978.79626	
1647065684154	Mar 12, 2022 1:14:44 AM	979.2527	
1647067348542	Mar 12, 2022 1:42:28 AM	978.98944	
1647068949946	Mar 12, 2022 2:09:09 AM	979.46075	
1647070551375	Mar 12, 2022 2:35:51 AM	979.24164	
1647072152800	Mar 12, 2022 3:02:32 AM	979.3007	
1647073754212	Mar 12, 2022 3:29:14 AM	978.3211	
1647075350951	Mar 12, 2022 3:55:50 AM	978.5797	
1647076702219	Mar 12, 2022 4:18:22 AM	978.8944	
1647078278662	Mar 12, 2022 4:44:38 AM	979.2727	
1647079897188	Mar 12, 2022 5:11:37 AM	979.4117	
1647080948665	Mar 12, 2022 5:29:08 AM	979.7404	
1647082525719	Mar 12, 2022 5:55:25 AM	979.6297	
1647084102636	Mar 12, 2022 6:21:42 AM	979.9438	
1647085679659	Mar 12, 2022 6:47:59 AM	980.34326	
1647087291263	Mar 12, 2022 7:14:51 AM	980.8616	
1647088402124	Mar 12, 2022 7:33:22 AM	981.29016	
1647089353583	Mar 12, 2022 7:49:13 AM	981.638	
1647090306428	Mar 12, 2022 8:05:06 AM	981.9729	
1647091234877	Mar 12, 2022 8:20:34 AM	982.05115	
1647092139277	Mar 12, 2022 8:35:39 AM	982.1967	
1647093226076	Mar 12, 2022 8:53:46 AM	982.0201	
1647094284032	Mar 12, 2022 9:11:24 AM	982.26404	
1647095521561	Mar 12, 2022 9:32:01 AM	982.5796	
1647096484473	Mar 12, 2022 9:48:04 AM	983.3994	
1647098107801	Mar 12, 2022 10:15:07 AM	983.5059	
1647099021697	Mar 12, 2022 10:30:21 AM	983.6838	
1647099939732	Mar 12, 2022 10:45:39 AM	983.882	
1647100842192	Mar 12, 2022 11:00:42 AM	984.50867	
1647101755630	Mar 12, 2022 11:15:55 AM	984.6109	
1647103331224	Mar 12, 2022 11:42:11 AM	985.07947	
1647104592230	Mar 12, 2022 12:03:12 PM	985.37695	
1647106128765	Mar 12, 2022 12:28:48 PM	985.5657	
1647107052716	Mar 12, 2022 12:44:12 PM	985.7361	
1647108104399	Mar 12, 2022 1:01:44 PM	985.93225	
1647109095369	Mar 12, 2022 1:18:15 PM	985.70337	
1647110242167	Mar 12, 2022 1:37:22 PM	985.7794	
1647111397342	Mar 12, 2022 1:56:37 PM	985.71545	
1647112825785	Mar 12, 2022 2:20:25 PM	985.79047	
1647114402316	Mar 12, 2022 2:46:42 PM	985.6549	
1647115309622	Mar 12, 2022 3:01:49 PM	985.48004	
1647116333391	Mar 12, 2022 3:18:53 PM	985.6919	
1647117351300	Mar 12, 2022 3:35:51 PM	985.5389	
1647118261736	Mar 12, 2022 3:51:01 PM	985.8306	
1647119181119	Mar 12, 2022 4:06:21 PM	985.9894	
1647120101028	Mar 12, 2022 4:21:41 PM	986.2091	
1647121114209	Mar 12, 2022 4:38:34 PM	986.2567	
1647122127243	Mar 12, 2022 4:55:27 PM	986.35236	
1647123248765	Mar 12, 2022 5:14:08 PM	986.5844	
1647124244988	Mar 12, 2022 5:30:44 PM	986.75824	
1647125231002	Mar 12, 2022 5:47:11 PM	987.146	
1647126438534	Mar 12, 2022 6:07:18 PM	987.1758	
1647127523556	Mar 12, 2022 6:25:23 PM	987.53955	
1647128674306	Mar 12, 2022 6:44:34 PM	987.76166	
1647130171771	Mar 12, 2022 7:09:31 PM	987.9586	
1647131366486	Mar 12, 2022 7:29:26 PM	988.1773	
1647133011154	Mar 12, 2022 7:56:51 PM	988.45654	
1647134207255	Mar 12, 2022 8:16:47 PM	988.7334	
1647135548731	Mar 12, 2022 8:39:08 PM	989.15625	
1647136883142	Mar 12, 2022 9:01:23 PM	989.6733	
1647137910850	Mar 12, 2022 9:18:30 PM	989.90106	
1647138823736	Mar 12, 2022 9:33:43 PM	989.7636	
1647140400076	Mar 12, 2022 10:00:00 PM	989.9257	
1647142058248	Mar 12, 2022 10:27:38 PM	990.14417	
1647143642585	Mar 12, 2022 10:54:02 PM	990.37604	
1647145222006	Mar 12, 2022 11:20:22 PM	990.1304	
1647146801754	Mar 12, 2022 11:46:41 PM	990.22284	
1647148412915	Mar 13, 2022 12:13:32 AM	990.12994	
1647149906010	Mar 13, 2022 12:38:26 AM	990.11505	
1647151482032	Mar 13, 2022 1:04:42 AM	990.2906	
1647153057402	Mar 13, 2022 1:30:57 AM	990.32715	
1647154726217	Mar 13, 2022 1:58:46 AM	990.1665	
1647156308499	Mar 13, 2022 3:25:08 AM	989.9776	
1647157884921	Mar 13, 2022 3:51:24 AM	989.719	
1647159350818	Mar 13, 2022 4:15:50 AM	989.76086	
1647160952995	Mar 13, 2022 4:42:32 AM	989.7249	
1647162593049	Mar 13, 2022 5:09:53 AM	989.82184	
1647164178171	Mar 13, 2022 5:36:18 AM	989.83673	
1647165617566	Mar 13, 2022 6:00:17 AM	989.8569	
1647166764868	Mar 13, 2022 6:19:24 AM	990.05347	
1647167820282	Mar 13, 2022 6:37:00 AM	990.1863	
1647168798499	Mar 13, 2022 6:53:18 AM	989.9901	
1647170373790	Mar 13, 2022 7:19:33 AM	989.788	
1647171563007	Mar 13, 2022 7:39:23 AM	990.1036	
1647172469473	Mar 13, 2022 7:54:29 AM	990.2893	
1647173589911	Mar 13, 2022 8:13:09 AM	990.0605	
1647174920220	Mar 13, 2022 8:35:20 AM	989.79694	
1647175888841	Mar 13, 2022 8:51:28 AM	989.9642	
1647177485472	Mar 13, 2022 9:18:05 AM	989.90515	
1647179060844	Mar 13, 2022 9:44:20 AM	989.906	
1647180108074	Mar 13, 2022 10:01:48 AM	989.94977	
1647181285275	Mar 13, 2022 10:21:25 AM	989.8118	
1647182896972	Mar 13, 2022 10:48:16 AM	989.39	
1647183799722	Mar 13, 2022 11:03:19 AM	989.11316	
1647184258393	Mar 13, 2022 11:10:58 AM	988.9901	
1647185571513	Mar 13, 2022 11:32:51 AM	988.36597	
1647186536411	Mar 13, 2022 11:48:56 AM	988.18304	
1647188027232	Mar 13, 2022 12:13:47 PM	987.8558	
1647188982456	Mar 13, 2022 12:29:42 PM	988.0024	
1647189920074	Mar 13, 2022 12:45:20 PM	988.27057	
1647190965714	Mar 13, 2022 1:02:45 PM	988.2848	
1647190974940	Mar 13, 2022 1:02:54 PM	988.2298	
1647192069370	Mar 13, 2022 1:21:09 PM	988.0587	
1647193651289	Mar 13, 2022 1:47:31 PM	987.5795	
1647194566505	Mar 13, 2022 2:02:46 PM	987.3413	
1647196141812	Mar 13, 2022 2:29:01 PM	987.1405	
1647197087577	Mar 13, 2022 2:44:47 PM	987.10095	
1647198121833	Mar 13, 2022 3:02:01 PM	986.74335	
1647199697177	Mar 13, 2022 3:28:17 PM	986.5238	
1647200948238	Mar 13, 2022 3:49:08 PM	986.32983	
1647201863781	Mar 13, 2022 4:04:23 PM	986.1766	
1647202842492	Mar 13, 2022 4:20:42 PM	986.2204	
1647203845952	Mar 13, 2022 4:37:25 PM	986.12665	
1647204749702	Mar 13, 2022 4:52:29 PM	986.0642	
1647205769948	Mar 13, 2022 5:09:29 PM	986.23035	
1647206673113	Mar 13, 2022 5:24:33 PM	986.4594	
1647207697503	Mar 13, 2022 5:41:37 PM	986.6947	
1647208613006	Mar 13, 2022 5:56:53 PM	986.62115	
1647209556937	Mar 13, 2022 6:12:36 PM	986.41034	
1647210758561	Mar 13, 2022 6:32:38 PM	987.0608	
1647211818584	Mar 13, 2022 6:50:18 PM	987.4535	
1647213418134	Mar 13, 2022 7:16:58 PM	987.9212	
1647214680348	Mar 13, 2022 7:38:00 PM	988.08124	
1647215613991	Mar 13, 2022 7:53:33 PM	988.053	
1647216631605	Mar 13, 2022 8:10:31 PM	988.2338	
1647218218084	Mar 13, 2022 8:36:58 PM	988.36176	
1647219522403	Mar 13, 2022 8:58:42 PM	988.7434	
1647221154034	Mar 13, 2022 9:25:54 PM	988.8724	
1647222745665	Mar 13, 2022 9:52:25 PM	989.2377	
1647223720614	Mar 13, 2022 10:08:40 PM	989.3811	
1647224704896	Mar 13, 2022 10:25:04 PM	989.2672	
1647226355105	Mar 13, 2022 10:52:35 PM	989.4805	
1647227964981	Mar 13, 2022 11:19:24 PM	989.7092	
1647228878346	Mar 13, 2022 11:34:38 PM	989.9049	
1647230455205	Mar 14, 2022 12:00:55 AM	989.9238	
1647232110391	Mar 14, 2022 12:28:30 AM	989.9149	
1647233606939	Mar 14, 2022 12:53:26 AM	989.9614	
1647235183823	Mar 14, 2022 1:19:43 AM	989.9723	
1647236109205	Mar 14, 2022 1:35:09 AM	989.9175	
1647237777650	Mar 14, 2022 2:02:57 AM	990.1597	
1647239384877	Mar 14, 2022 2:29:44 AM	990.3314	
1647240960160	Mar 14, 2022 2:56:00 AM	990.49866	
1647242557855	Mar 14, 2022 3:22:37 AM	990.57855	
1647244280009	Mar 14, 2022 3:51:20 AM	990.5524	
1647245817833	Mar 14, 2022 4:16:57 AM	990.54877	
1647247405819	Mar 14, 2022 4:43:25 AM	990.62994	
1647249114722	Mar 14, 2022 5:11:54 AM	990.78296	
1647250724881	Mar 14, 2022 5:38:44 AM	991.0705	
1647252302083	Mar 14, 2022 6:05:02 AM	991.31934	
1647253535014	Mar 14, 2022 6:25:35 AM	991.49274	
1647254709571	Mar 14, 2022 6:45:09 AM	991.51715	
1647256279627	Mar 14, 2022 7:11:19 AM	991.75366	
1647257451652	Mar 14, 2022 7:30:51 AM	992.22736	
1647259028041	Mar 14, 2022 7:57:08 AM	992.5208	
1647260076831	Mar 14, 2022 8:14:36 AM	992.7344	
1647261084964	Mar 14, 2022 8:31:24 AM	992.82336	
1647262013207	Mar 14, 2022 8:46:53 AM	989.8943	
1647262915442	Mar 14, 2022 9:01:55 AM	989.65967	
1647263859029	Mar 14, 2022 9:17:39 AM	989.8741	
1647264821780	Mar 14, 2022 9:33:41 AM	989.94696	
1647265741239	Mar 14, 2022 9:49:01 AM	990.05707	
1647266664395	Mar 14, 2022 10:04:24 AM	993.53845	
1647267639960	Mar 14, 2022 10:20:39 AM	993.53485	
1647268644120	Mar 14, 2022 10:37:24 AM	993.54376	
1647269757740	Mar 14, 2022 10:55:57 AM	993.59564	
1647270673103	Mar 14, 2022 11:11:13 AM	992.1818	
1647271685509	Mar 14, 2022 11:28:05 AM	993.49384	
1647272654246	Mar 14, 2022 11:44:14 AM	993.3837	
1647273571375	Mar 14, 2022 11:59:31 AM	993.2628	
1647274707932	Mar 14, 2022 12:18:27 PM	993.05865	
1647275610218	Mar 14, 2022 12:33:30 PM	993.1003	
1647277201536	Mar 14, 2022 1:00:01 PM	992.64465	
1647278391988	Mar 14, 2022 1:19:51 PM	992.2675	
1647278555571	Mar 14, 2022 1:22:35 PM	992.3013	
1647279990880	Mar 14, 2022 1:46:30 PM	991.7439	
1647281615953	Mar 14, 2022 2:13:35 PM	991.46124	
1647282704098	Mar 14, 2022 2:31:44 PM	990.7415	
1647283654626	Mar 14, 2022 2:47:34 PM	990.3743	
1647285229936	Mar 14, 2022 3:13:49 PM	990.0694	
1647286723748	Mar 14, 2022 3:38:43 PM	989.66583	
1647288389919	Mar 14, 2022 4:06:29 PM	989.57874	
1647289965677	Mar 14, 2022 4:32:45 PM	989.4752	
1647291005185	Mar 14, 2022 4:50:05 PM	989.33795	
1647292604401	Mar 14, 2022 5:16:44 PM	989.04346	
1647293673988	Mar 14, 2022 5:34:33 PM	989.04517	
1647294638679	Mar 14, 2022 5:50:38 PM	989.1293	
1647295835108	Mar 14, 2022 6:10:35 PM	988.62396	
1647296737784	Mar 14, 2022 6:25:37 PM	988.87366	
1647298036800	Mar 14, 2022 6:47:16 PM	988.9742	
1647298964564	Mar 14, 2022 7:02:44 PM	989.06555	
1647299950125	Mar 14, 2022 7:19:10 PM	989.1344	
1647301241616	Mar 14, 2022 7:40:41 PM	989.3514	
1647302816905	Mar 14, 2022 8:06:56 PM	989.359	
1647304088641	Mar 14, 2022 8:28:08 PM	989.396	
1647305152976	Mar 14, 2022 8:45:52 PM	989.48883	
1647306728281	Mar 14, 2022 9:12:08 PM	989.84436	
1647307670297	Mar 14, 2022 9:27:50 PM	989.9162	
1647309246559	Mar 14, 2022 9:54:06 PM	989.94104	
1647310448489	Mar 14, 2022 10:14:08 PM	989.63055	
1647311387528	Mar 14, 2022 10:29:47 PM	989.65375	
1647313004195	Mar 14, 2022 10:56:44 PM	989.63654	
1647314739549	Mar 14, 2022 11:25:39 PM	989.62396	
1647316421177	Mar 14, 2022 11:53:41 PM	989.855	
1647318103205	Mar 15, 2022 12:21:43 AM	989.88135	
1647319602304	Mar 15, 2022 12:46:42 AM	989.79614	
1647321206121	Mar 15, 2022 1:13:26 AM	989.8161	
1647322220397	Mar 15, 2022 1:30:20 AM	989.80145	
1647323796427	Mar 15, 2022 1:56:36 AM	989.82074	
1647325382796	Mar 15, 2022 2:23:02 AM	989.8375	
1647326964326	Mar 15, 2022 2:49:24 AM	989.64417	
1647328561786	Mar 15, 2022 3:16:01 AM	989.36646	
1647330182893	Mar 15, 2022 3:43:02 AM	989.2173	
1647331857436	Mar 15, 2022 4:10:57 AM	989.10486	
1647333460961	Mar 15, 2022 4:37:40 AM	988.9597	
1647335043001	Mar 15, 2022 5:04:03 AM	988.9759	
1647336651976	Mar 15, 2022 5:30:51 AM	988.9837	
1647338263601	Mar 15, 2022 5:57:43 AM	989.087	
1647339587206	Mar 15, 2022 6:19:47 AM	989.1189	
1647340620308	Mar 15, 2022 6:37:00 AM	989.24805	
1647341647227	Mar 15, 2022 6:54:07 AM	989.424	
1647342680224	Mar 15, 2022 7:11:20 AM	989.539	
1647343970657	Mar 15, 2022 7:32:50 AM	989.84454	
1647344908281	Mar 15, 2022 7:48:28 AM	990.0305	
1647345967194	Mar 15, 2022 8:06:07 AM	989.6229	
1647347511127	Mar 15, 2022 8:31:51 AM	989.8478	
1647347756494	Mar 15, 2022 8:35:56 AM	989.78143	
1647349180109	Mar 15, 2022 8:59:40 AM	990.155	
1647350792854	Mar 15, 2022 9:26:32 AM	989.92	
1647352275108	Mar 15, 2022 9:51:15 AM	990.4013	
1647353395701	Mar 15, 2022 10:09:55 AM	989.9266	
1647354890562	Mar 15, 2022 10:34:50 AM	989.7007	
1647355845103	Mar 15, 2022 10:50:45 AM	989.7821	
1647356749366	Mar 15, 2022 11:05:49 AM	989.6852	
1647357928047	Mar 15, 2022 11:25:28 AM	990.05347	
1647359095948	Mar 15, 2022 11:44:55 AM	990.1903	
1647360254189	Mar 15, 2022 12:04:14 PM	990.25934	
1647361385714	Mar 15, 2022 12:23:05 PM	990.25	
1647362409105	Mar 15, 2022 12:40:09 PM	990.19244	
1647363520291	Mar 15, 2022 12:58:40 PM	989.9092	
1647365130720	Mar 15, 2022 1:25:30 PM	989.5105	
1647366518522	Mar 15, 2022 1:48:38 PM	988.93335	
1647367929999	Mar 15, 2022 2:12:09 PM	988.7566	
1647369567172	Mar 15, 2022 2:39:27 PM	988.0481	
1647371143015	Mar 15, 2022 3:05:43 PM	987.7863	
1647371701949	Mar 15, 2022 3:15:01 PM	987.63055	
1647373342862	Mar 15, 2022 3:42:22 PM	987.0619	
1647374919182	Mar 15, 2022 4:08:39 PM	986.92993	
1647375952921	Mar 15, 2022 4:25:52 PM	986.84576	
1647377528245	Mar 15, 2022 4:52:08 PM	986.7614	
1647379153587	Mar 15, 2022 5:19:13 PM	986.652	
1647380339750	Mar 15, 2022 5:38:59 PM	986.618	
1647381270383	Mar 15, 2022 5:54:30 PM	986.5206	
1647382508328	Mar 15, 2022 6:15:08 PM	986.3804	
1647383445859	Mar 15, 2022 6:30:45 PM	986.19574	
1647384428799	Mar 15, 2022 6:47:08 PM	986.4386	
1647385454582	Mar 15, 2022 7:04:14 PM	986.4684	
1647386383849	Mar 15, 2022 7:19:43 PM	986.4582	
1647387959407	Mar 15, 2022 7:45:59 PM	986.6152	
1647388963741	Mar 15, 2022 8:02:43 PM	986.6894	
1647389942604	Mar 15, 2022 8:19:02 PM	986.49133	
1647391354100	Mar 15, 2022 8:42:34 PM	986.67236	
1647392713526	Mar 15, 2022 9:05:13 PM	986.65497	
1647394311623	Mar 15, 2022 9:31:51 PM	986.62836	
1647395886932	Mar 15, 2022 9:58:06 PM	986.7616	
1647397260947	Mar 15, 2022 10:21:00 PM	986.83746	
1647398234396	Mar 15, 2022 10:37:14 PM	986.4688	
1647399830390	Mar 15, 2022 11:03:50 PM	986.57886	
1647401457607	Mar 15, 2022 11:30:57 PM	986.6237	
1647403032921	Mar 15, 2022 11:57:12 PM	986.5708	
1647404630342	Mar 16, 2022 12:23:50 AM	986.35724	
1647406224703	Mar 16, 2022 12:50:24 AM	986.3211	
1647407828696	Mar 16, 2022 1:17:08 AM	985.8666	
1647409404569	Mar 16, 2022 1:43:24 AM	985.5257	
1647411060261	Mar 16, 2022 2:11:00 AM	985.2182	
1647412462553	Mar 16, 2022 2:34:22 AM	985.0427	
1647414094293	Mar 16, 2022 3:01:34 AM	984.8385	
1647415588539	Mar 16, 2022 3:26:28 AM	984.7505	
1647417165482	Mar 16, 2022 3:52:45 AM	984.4434	
1647418818117	Mar 16, 2022 4:20:18 AM	984.04205	
1647420449973	Mar 16, 2022 4:47:29 AM	983.9543	
1647422026443	Mar 16, 2022 5:13:46 AM	984.4817	
1647423653680	Mar 16, 2022 5:40:53 AM	984.218	
1647425252530	Mar 16, 2022 6:07:32 AM	983.9173	
1647426185503	Mar 16, 2022 6:23:05 AM	984.0937	
1647427104713	Mar 16, 2022 6:38:24 AM	984.1296	
1647428066465	Mar 16, 2022 6:54:26 AM	984.32465	
1647428980116	Mar 16, 2022 7:09:40 AM	984.2295	
1647430150159	Mar 16, 2022 7:29:10 AM	984.2146	
1647431115875	Mar 16, 2022 7:45:15 AM	984.8226	
1647432176953	Mar 16, 2022 8:02:56 AM	984.56476	
1647433380117	Mar 16, 2022 8:23:00 AM	984.7059	
1647434564432	Mar 16, 2022 8:42:44 AM	984.74243	
1647435982379	Mar 16, 2022 9:06:22 AM	984.70374	
1647437558325	Mar 16, 2022 9:32:38 AM	984.5693	
1647439155943	Mar 16, 2022 9:59:15 AM	984.55927	
1647440747576	Mar 16, 2022 10:25:47 AM	984.3718	
1647442326071	Mar 16, 2022 10:52:06 AM	984.3053	
1647443265041	Mar 16, 2022 11:07:45 AM	984.2949	
1647444540804	Mar 16, 2022 11:29:00 AM	984.5448	
1647446119098	Mar 16, 2022 11:55:19 AM	984.0425	
1647447420963	Mar 16, 2022 12:17:00 PM	984.1891	
1647448391291	Mar 16, 2022 12:33:11 PM	983.9549	
1647449807314	Mar 16, 2022 12:56:47 PM	983.8663	
1647449813048	Mar 16, 2022 12:56:53 PM	983.82697	
1647450921881	Mar 16, 2022 1:15:21 PM	983.64575	
1647452113198	Mar 16, 2022 1:35:13 PM	983.5461	
1647453021969	Mar 16, 2022 1:50:21 PM	982.8189	
1647454111645	Mar 16, 2022 2:08:31 PM	982.16016	
1647455691686	Mar 16, 2022 2:34:51 PM	981.5182	
1647457033860	Mar 16, 2022 2:57:13 PM	981.3412	
1647458298315	Mar 16, 2022 3:18:18 PM	980.87366	
1647459888050	Mar 16, 2022 3:44:48 PM	980.4514	
1647461466449	Mar 16, 2022 4:11:06 PM	980.1762	
1647462440078	Mar 16, 2022 4:27:20 PM	980.3156	
1647463364067	Mar 16, 2022 4:42:44 PM	980.1726	
1647464266694	Mar 16, 2022 4:57:46 PM	979.88916	
1647465281949	Mar 16, 2022 5:14:41 PM	979.80396	
1647466185745	Mar 16, 2022 5:29:45 PM	979.696	
1647467202215	Mar 16, 2022 5:46:42 PM	979.5712	
1647468475737	Mar 16, 2022 6:07:55 PM	979.37085	
1647469392110	Mar 16, 2022 6:23:12 PM	979.2863	
1647470305284	Mar 16, 2022 6:38:25 PM	979.10034	
1647471513374	Mar 16, 2022 6:58:33 PM	979.1524	
1647472529716	Mar 16, 2022 7:15:29 PM	979.1006	
1647473712707	Mar 16, 2022 7:35:12 PM	978.9988	
1647475258112	Mar 16, 2022 8:00:58 PM	979.3496	
1647476517955	Mar 16, 2022 8:21:57 PM	979.55237	
1647477479862	Mar 16, 2022 8:37:59 PM	979.6488	
1647478181401	Mar 16, 2022 8:49:41 PM	979.32135	
1647479194340	Mar 16, 2022 9:06:34 PM	979.74744	
1647480555922	Mar 16, 2022 9:29:15 PM	979.8071	
1647482294819	Mar 16, 2022 9:58:14 PM	979.71277	
1647483643803	Mar 16, 2022 10:20:43 PM	979.2521	
1647484156584	Mar 16, 2022 10:29:16 PM	979.41956	
1647485742688	Mar 16, 2022 10:55:42 PM	979.3375	
1647487452154	Mar 16, 2022 11:24:12 PM	979.1171	
1647488409855	Mar 16, 2022 11:40:09 PM	979.10565	
1647490093783	Mar 17, 2022 12:08:13 AM	978.87274	
1647491588823	Mar 17, 2022 12:33:08 AM	978.78925	
1647493201526	Mar 17, 2022 1:00:01 AM	978.61755	
1647494777784	Mar 17, 2022 1:26:17 AM	978.4278	
1647496355029	Mar 17, 2022 1:52:35 AM	978.4416	
1647498028070	Mar 17, 2022 2:20:28 AM	978.4382	
1647499647037	Mar 17, 2022 2:47:27 AM	978.5419	
1647501223249	Mar 17, 2022 3:13:43 AM	978.5007	
1647502852047	Mar 17, 2022 3:40:52 AM	978.44476	
1647504446342	Mar 17, 2022 4:07:26 AM	978.33813	
1647506022926	Mar 17, 2022 4:33:42 AM	978.3088	
1647507601392	Mar 17, 2022 5:00:01 AM	978.31647	
1647509180506	Mar 17, 2022 5:26:20 AM	978.3653	
1647510200418	Mar 17, 2022 5:43:20 AM	978.47626	
1647511241591	Mar 17, 2022 6:00:41 AM	978.5623	
1647512221610	Mar 17, 2022 6:17:01 AM	978.7055	
1647513296820	Mar 17, 2022 6:34:56 AM	978.8052	
1647514374683	Mar 17, 2022 6:52:54 AM	979.04193	
1647515276555	Mar 17, 2022 7:07:56 AM	979.29987	
1647516290122	Mar 17, 2022 7:24:50 AM	979.41016	
1647517242973	Mar 17, 2022 7:40:42 AM	979.5332	
1647518401300	Mar 17, 2022 8:00:01 AM	979.3836	
1647519678289	Mar 17, 2022 8:21:18 AM	979.8475	
1647520660836	Mar 17, 2022 8:37:40 AM	979.9954	
1647522221221	Mar 17, 2022 9:03:41 AM	980.2512	
1647523130818	Mar 17, 2022 9:18:50 AM	980.43207	
1647524740821	Mar 17, 2022 9:45:40 AM	980.6994	
1647526092952	Mar 17, 2022 10:08:12 AM	980.7621	
1647527705543	Mar 17, 2022 10:35:05 AM	980.8936	
1647528673076	Mar 17, 2022 10:51:13 AM	980.91656	
1647529659794	Mar 17, 2022 11:07:39 AM	980.7381	
1647531341533	Mar 17, 2022 11:35:41 AM	980.8645	
1647532384170	Mar 17, 2022 11:53:04 AM	980.84644	
1647533561645	Mar 17, 2022 12:12:41 PM	981.0579	
1647534487952	Mar 17, 2022 12:28:07 PM	980.9808	
1647535538784	Mar 17, 2022 12:45:38 PM	980.92847	
1647536482116	Mar 17, 2022 1:01:22 PM	980.79846	
1647537514114	Mar 17, 2022 1:18:34 PM	980.47015	
1647539092577	Mar 17, 2022 1:44:52 PM	980.17944	
1647540023762	Mar 17, 2022 2:00:23 PM	979.90765	
1647540122961	Mar 17, 2022 2:02:02 PM	979.9025	
1647541480477	Mar 17, 2022 2:24:40 PM	979.6535	
1647543089170	Mar 17, 2022 2:51:29 PM	979.2495	
1647544734409	Mar 17, 2022 3:18:54 PM	978.96246	
1647546326990	Mar 17, 2022 3:45:26 PM	978.6832	
1647547239155	Mar 17, 2022 4:00:39 PM	978.61774	
1647548192446	Mar 17, 2022 4:16:32 PM	978.8685	
1647548543819	Mar 17, 2022 4:22:23 PM	978.48303	
1647549657202	Mar 17, 2022 4:40:57 PM	978.4595	
1647551232508	Mar 17, 2022 5:07:12 PM	978.48303	
1647552186865	Mar 17, 2022 5:23:06 PM	978.69806	
1647553708351	Mar 17, 2022 5:48:28 PM	978.46436	
1647554613809	Mar 17, 2022 6:03:33 PM	978.44946	
1647555728338	Mar 17, 2022 6:22:08 PM	978.80817	
1647556650537	Mar 17, 2022 6:37:30 PM	978.9595	
1647557679797	Mar 17, 2022 6:54:39 PM	979.1273	
1647558667473	Mar 17, 2022 7:11:07 PM	979.14075	
1647560243314	Mar 17, 2022 7:37:23 PM	979.2474	
1647561823896	Mar 17, 2022 8:03:43 PM	979.408	
1647562751277	Mar 17, 2022 8:19:11 PM	979.533	
1647564231327	Mar 17, 2022 8:43:51 PM	979.56995	
1647565888968	Mar 17, 2022 9:11:28 PM	979.6769	
1647567477721	Mar 17, 2022 9:37:57 PM	979.9151	
1647569053200	Mar 17, 2022 10:04:13 PM	980.11566	
1647570416413	Mar 17, 2022 10:26:56 PM	979.96716	
1647572001972	Mar 17, 2022 10:53:21 PM	979.9648	
1647573643456	Mar 17, 2022 11:20:43 PM	980.03534	
1647575220233	Mar 17, 2022 11:47:00 PM	980.0428	
1647576856780	Mar 18, 2022 12:14:16 AM	980.101	
1647578488856	Mar 18, 2022 12:41:28 AM	979.9008	
1647580182825	Mar 18, 2022 1:09:42 AM	979.8286	
1647581457094	Mar 18, 2022 1:30:57 AM	979.8097	
1647583189220	Mar 18, 2022 1:59:49 AM	979.54297	
1647584766066	Mar 18, 2022 2:26:06 AM	979.1418	
1647586371814	Mar 18, 2022 2:52:51 AM	978.9671	
1647588023967	Mar 18, 2022 3:20:23 AM	978.8033	
1647589593634	Mar 18, 2022 3:46:33 AM	979.15137	
1647591169968	Mar 18, 2022 4:12:49 AM	978.78076	
1647592758712	Mar 18, 2022 4:39:18 AM	978.1583	
1647594396192	Mar 18, 2022 5:06:36 AM	978.6012	
1647596011190	Mar 18, 2022 5:33:31 AM	978.92334	
1647596948966	Mar 18, 2022 5:49:08 AM	979.13074	
1647598321939	Mar 18, 2022 6:12:01 AM	979.1031	
1647599957301	Mar 18, 2022 6:39:17 AM	979.1365	
1647600994898	Mar 18, 2022 6:56:34 AM	979.2627	
1647602389210	Mar 18, 2022 7:19:49 AM	978.35065	
1647603795619	Mar 18, 2022 7:43:15 AM	979.04065	
1647604797842	Mar 18, 2022 7:59:57 AM	978.985	
1647605716669	Mar 18, 2022 8:15:16 AM	978.7604	
1647606777447	Mar 18, 2022 8:32:57 AM	977.1857	
1647607841083	Mar 18, 2022 8:50:41 AM	978.7442	
1647609089554	Mar 18, 2022 9:11:29 AM	978.41144	
1647610015268	Mar 18, 2022 9:26:55 AM	978.5755	
1647611590823	Mar 18, 2022 9:53:10 AM	978.7521	
1647613166124	Mar 18, 2022 10:19:26 AM	978.1199	
1647614326921	Mar 18, 2022 10:38:46 AM	978.18	
1647615472742	Mar 18, 2022 10:57:52 AM	978.6167	
1647616556758	Mar 18, 2022 11:15:56 AM	978.31683	
1647617718573	Mar 18, 2022 11:35:18 AM	978.19763	
1647618827153	Mar 18, 2022 11:53:47 AM	977.8598	
1647619736724	Mar 18, 2022 12:08:56 PM	977.53296	
1647620700229	Mar 18, 2022 12:25:00 PM	977.3243	
1647621766634	Mar 18, 2022 12:42:46 PM	976.5095	
1647622760608	Mar 18, 2022 12:59:20 PM	976.15533	
1647623715276	Mar 18, 2022 1:15:15 PM	975.37415	
1647624867646	Mar 18, 2022 1:34:27 PM	973.4232	
1647625864281	Mar 18, 2022 1:51:04 PM	973.7953	
1647627174650	Mar 18, 2022 2:12:54 PM	973.0853	
1647628228048	Mar 18, 2022 2:30:28 PM	972.7955	
1647629573650	Mar 18, 2022 2:52:53 PM	972.4372	
1647630627105	Mar 18, 2022 3:10:27 PM	972.6301	
1647632223951	Mar 18, 2022 3:37:03 PM	972.4075	
1647633295662	Mar 18, 2022 3:54:55 PM	972.3573	
1647634871997	Mar 18, 2022 4:21:11 PM	971.63245	
1647636458053	Mar 18, 2022 4:47:38 PM	971.1911	
1647638059474	Mar 18, 2022 5:14:19 PM	970.9631	
1647638999745	Mar 18, 2022 5:29:59 PM	971.02405	
1647640537004	Mar 18, 2022 5:55:37 PM	970.85474	
1647640685247	Mar 18, 2022 5:58:05 PM	970.9138	
1647641641401	Mar 18, 2022 6:14:01 PM	970.9365	
1647642575668	Mar 18, 2022 6:29:35 PM	971.2208	
1647643531619	Mar 18, 2022 6:45:31 PM	971.601	
1647644442180	Mar 18, 2022 7:00:42 PM	971.6624	
1647645484820	Mar 18, 2022 7:18:04 PM	971.7787	
1647646641103	Mar 18, 2022 7:37:21 PM	971.68604	
1647647851170	Mar 18, 2022 7:57:31 PM	971.4633	
1647649449721	Mar 18, 2022 8:24:09 PM	971.5209	
1647651065679	Mar 18, 2022 8:51:05 PM	971.44507	
1647652677052	Mar 18, 2022 9:17:57 PM	971.4497	
1647654254924	Mar 18, 2022 9:44:14 PM	971.54877	
1647655863639	Mar 18, 2022 10:11:03 PM	971.29755	
1647656808333	Mar 18, 2022 10:26:48 PM	971.2251	
1647657729899	Mar 18, 2022 10:42:09 PM	970.92566	
1647659322086	Mar 18, 2022 11:08:42 PM	970.93994	
1647660902802	Mar 18, 2022 11:35:02 PM	970.9106	
1647662479139	Mar 19, 2022 12:01:19 AM	970.7043	
1647663787836	Mar 19, 2022 12:23:07 AM	970.8483	
1647665405488	Mar 19, 2022 12:50:05 AM	971.1673	
1647667008741	Mar 19, 2022 1:16:48 AM	972.0889	
1647668628919	Mar 19, 2022 1:43:48 AM	972.30334	
1647670205736	Mar 19, 2022 2:10:05 AM	972.06726	
1647671782325	Mar 19, 2022 2:36:22 AM	972.0071	
1647673408971	Mar 19, 2022 3:03:28 AM	972.00305	
1647674994949	Mar 19, 2022 3:29:54 AM	971.9019	
1647676571268	Mar 19, 2022 3:56:11 AM	971.7935	
1647678195373	Mar 19, 2022 4:23:15 AM	971.88257	
1647679805488	Mar 19, 2022 4:50:05 AM	971.91064	
1647681381223	Mar 19, 2022 5:16:21 AM	972.05023	
1647682709147	Mar 19, 2022 5:38:29 AM	972.28503	
1647684398190	Mar 19, 2022 6:06:38 AM	972.4455	
1647686079110	Mar 19, 2022 6:34:39 AM	972.7793	
1647687656065	Mar 19, 2022 7:00:56 AM	973.21497	
1647689288220	Mar 19, 2022 7:28:08 AM	973.61316	
1647690211605	Mar 19, 2022 7:43:31 AM	973.9549	
1647691319453	Mar 19, 2022 8:01:59 AM	974.4923	
1647692234031	Mar 19, 2022 8:17:14 AM	974.6814	
1647693228046	Mar 19, 2022 8:33:48 AM	974.8608	
1647694366262	Mar 19, 2022 8:52:46 AM	975.08093	
1647695285496	Mar 19, 2022 9:08:05 AM	975.42365	
1647695894287	Mar 19, 2022 9:18:14 AM	975.24005	
1647697486800	Mar 19, 2022 9:44:46 AM	975.69055	
1647698612635	Mar 19, 2022 10:03:32 AM	976.2195	
1647699940931	Mar 19, 2022 10:25:40 AM	976.45215	
1647700929686	Mar 19, 2022 10:42:09 AM	976.6513	
1647701833254	Mar 19, 2022 10:57:13 AM	976.8104	
1647702801193	Mar 19, 2022 11:13:21 AM	976.97894	
1647703830675	Mar 19, 2022 11:30:30 AM	977.2841	
1647704789953	Mar 19, 2022 11:46:29 AM	977.47363	
1647706373357	Mar 19, 2022 12:12:53 PM	977.7204	
1647707302268	Mar 19, 2022 12:28:22 PM	977.9163	
1647708247239	Mar 19, 2022 12:44:07 PM	978.1694	
1647709838527	Mar 19, 2022 1:10:38 PM	978.6154	
1647710758679	Mar 19, 2022 1:25:58 PM	978.6977	
1647711751867	Mar 19, 2022 1:42:31 PM	978.5017	
1647713360405	Mar 19, 2022 2:09:20 PM	978.4093	
1647714544825	Mar 19, 2022 2:29:04 PM	978.489	
1647715473863	Mar 19, 2022 2:44:33 PM	978.66705	
1647716421959	Mar 19, 2022 3:00:21 PM	978.587	
1647718058616	Mar 19, 2022 3:27:38 PM	978.7374	
1647719020557	Mar 19, 2022 3:43:40 PM	978.8936	
1647719944970	Mar 19, 2022 3:59:04 PM	978.96625	
1647720845848	Mar 19, 2022 4:14:05 PM	979.1163	
1647722421152	Mar 19, 2022 4:40:21 PM	979.50665	
1647723342821	Mar 19, 2022 4:55:42 PM	979.9586	
1647724305738	Mar 19, 2022 5:11:45 PM	980.32263	
1647725881099	Mar 19, 2022 5:38:01 PM	980.63586	
1647727139199	Mar 19, 2022 5:58:59 PM	981.04156	
1647728441749	Mar 19, 2022 6:20:41 PM	981.33795	
1647729344723	Mar 19, 2022 6:35:44 PM	981.5552	
1647730722314	Mar 19, 2022 6:58:42 PM	981.86646	
1647731769733	Mar 19, 2022 7:16:09 PM	981.9995	
1647732678607	Mar 19, 2022 7:31:18 PM	982.22516	
1647733602708	Mar 19, 2022 7:46:42 PM	982.43915	
1647734586665	Mar 19, 2022 8:03:06 PM	982.6151	
1647735732647	Mar 19, 2022 8:22:12 PM	982.8886	
1647736644052	Mar 19, 2022 8:37:24 PM	982.92554	
1647736869682	Mar 19, 2022 8:41:09 PM	982.9791	
1647737862029	Mar 19, 2022 8:57:42 PM	983.09937	
1647739461704	Mar 19, 2022 9:24:21 PM	983.348	
1647741105367	Mar 19, 2022 9:51:45 PM	983.5911	
1647742681605	Mar 19, 2022 10:18:01 PM	983.8572	
1647743788574	Mar 19, 2022 10:36:28 PM	983.6914	
1647745365564	Mar 19, 2022 11:02:45 PM	983.8559	
1647746684006	Mar 19, 2022 11:24:44 PM	983.84546	
1647747715050	Mar 19, 2022 11:41:55 PM	983.8442	
1647748979905	Mar 20, 2022 12:02:59 AM	983.7654	
1647750581307	Mar 20, 2022 12:29:41 AM	983.8291	
1647751519159	Mar 20, 2022 12:45:19 AM	983.8572	
1647753111757	Mar 20, 2022 1:11:51 AM	984.0161	
1647754713194	Mar 20, 2022 1:38:33 AM	984.02057	
1647756289543	Mar 20, 2022 2:04:49 AM	984.0607	
1647757875176	Mar 20, 2022 2:31:15 AM	984.2269	
1647759491308	Mar 20, 2022 2:58:11 AM	984.49255	
1647761067131	Mar 20, 2022 3:24:27 AM	984.6581	
1647762642438	Mar 20, 2022 3:50:42 AM	984.596	
1647764291576	Mar 20, 2022 4:18:11 AM	984.50574	
1647765866960	Mar 20, 2022 4:44:26 AM	984.5342	
1647767444690	Mar 20, 2022 5:10:44 AM	984.78705	
1647769121065	Mar 20, 2022 5:38:41 AM	985.01953	
1647770248338	Mar 20, 2022 5:57:28 AM	985.1477	
1647771242313	Mar 20, 2022 6:14:02 AM	985.3336	
1647772253835	Mar 20, 2022 6:30:53 AM	985.4881	
1647773750321	Mar 20, 2022 6:55:50 AM	985.66254	
1647773776298	Mar 20, 2022 6:56:16 AM	985.6821	
1647774854300	Mar 20, 2022 7:14:14 AM	986.1902	
1647775965291	Mar 20, 2022 7:32:45 AM	986.2788	
1647777019900	Mar 20, 2022 7:50:19 AM	986.3753	
1647777925625	Mar 20, 2022 8:05:25 AM	986.62946	
1647778844115	Mar 20, 2022 8:20:44 AM	986.7629	
1647780024884	Mar 20, 2022 8:40:24 AM	987.1048	
1647781089074	Mar 20, 2022 8:58:09 AM	987.2336	
1647782706559	Mar 20, 2022 9:25:06 AM	987.43994	
1647784281845	Mar 20, 2022 9:51:21 AM	987.60034	
1647785325395	Mar 20, 2022 10:08:45 AM	987.78906	
1647786355567	Mar 20, 2022 10:25:55 AM	987.6522	
1647787354753	Mar 20, 2022 10:42:34 AM	987.91144	
1647788450631	Mar 20, 2022 11:00:50 AM	988.13184	
1647789482427	Mar 20, 2022 11:18:02 AM	988.3741	
1647790404227	Mar 20, 2022 11:33:24 AM	988.4695	
1647791464468	Mar 20, 2022 11:51:04 AM	988.55084	
1647792398528	Mar 20, 2022 12:06:38 PM	988.529	
1647793491495	Mar 20, 2022 12:24:51 PM	988.6726	
1647794470401	Mar 20, 2022 12:41:10 PM	988.8403	
1647795463379	Mar 20, 2022 12:57:43 PM	988.8218	
1647796706317	Mar 20, 2022 1:18:26 PM	986.6345	
1647797683802	Mar 20, 2022 1:34:43 PM	986.5823	
1647798669225	Mar 20, 2022 1:51:09 PM	986.5814	
1647799701065	Mar 20, 2022 2:08:21 PM	988.4971	
1647800727732	Mar 20, 2022 2:25:27 PM	988.45526	
1647801930474	Mar 20, 2022 2:45:30 PM	988.4476	
1647803024404	Mar 20, 2022 3:03:44 PM	988.2901	
1647804003790	Mar 20, 2022 3:20:03 PM	988.2723	
1647805579082	Mar 20, 2022 3:46:19 PM	988.2929	
1647806487390	Mar 20, 2022 4:01:27 PM	988.28925	
1647808062718	Mar 20, 2022 4:27:42 PM	988.23126	
1647809638982	Mar 20, 2022 4:53:58 PM	988.0842	
1647810629089	Mar 20, 2022 5:10:29 PM	988.14307	
1647811646827	Mar 20, 2022 5:27:26 PM	988.16986	
1647812621551	Mar 20, 2022 5:43:41 PM	988.0581	
1647813670139	Mar 20, 2022 6:01:10 PM	987.7797	
1647814654461	Mar 20, 2022 6:17:34 PM	987.82153	
1647815700067	Mar 20, 2022 6:35:00 PM	988.2512	
1647816927847	Mar 20, 2022 6:55:27 PM	988.1267	
1647817983712	Mar 20, 2022 7:13:03 PM	988.27673	
1647819084756	Mar 20, 2022 7:31:24 PM	988.35364	
1647820459603	Mar 20, 2022 7:54:19 PM	988.4546	
1647821541342	Mar 20, 2022 8:12:21 PM	988.3352	
1647822554397	Mar 20, 2022 8:29:14 PM	988.43994	
1647823490566	Mar 20, 2022 8:44:50 PM	988.696	
1647824665593	Mar 20, 2022 9:04:25 PM	988.87134	
1647825955640	Mar 20, 2022 9:25:55 PM	989.0137	
1647827530806	Mar 20, 2022 9:52:10 PM	988.8496	
1647828600618	Mar 20, 2022 10:10:00 PM	988.8137	
1647830212608	Mar 20, 2022 10:36:52 PM	988.6845	
1647831784754	Mar 20, 2022 11:03:04 PM	988.7294	
1647833360127	Mar 20, 2022 11:29:20 PM	988.87494	
1647834961707	Mar 20, 2022 11:56:01 PM	988.737	
1647836550984	Mar 21, 2022 12:22:30 AM	988.8288	
1647838220581	Mar 21, 2022 12:50:20 AM	988.75867	
1647839797743	Mar 21, 2022 1:16:37 AM	988.69556	
1647841385725	Mar 21, 2022 1:43:05 AM	988.6522	
1647843036388	Mar 21, 2022 2:10:36 AM	988.70874	
1647844621753	Mar 21, 2022 2:37:01 AM	988.81903	
1647846197590	Mar 21, 2022 3:03:17 AM	988.9614	
1647847821767	Mar 21, 2022 3:30:21 AM	988.9493	
1647849398582	Mar 21, 2022 3:56:38 AM	988.8577	
1647851056240	Mar 21, 2022 4:24:16 AM	988.78033	
1647852636308	Mar 21, 2022 4:50:36 AM	988.83966	
1647854221951	Mar 21, 2022 5:17:01 AM	989.09314	
1647855890875	Mar 21, 2022 5:44:50 AM	989.2704	
1647857095518	Mar 21, 2022 6:04:55 AM	989.5211	
1647858009230	Mar 21, 2022 6:20:09 AM	989.69116	
1647858079796	Mar 21, 2022 6:21:19 AM	989.7058	
1647859463730	Mar 21, 2022 6:44:23 AM	989.71643	
1647860380392	Mar 21, 2022 6:59:40 AM	989.801	
1647861505729	Mar 21, 2022 7:18:25 AM	989.95593	
1647863141192	Mar 21, 2022 7:45:41 AM	990.1249	
1647864720697	Mar 21, 2022 8:12:00 AM	990.5037	
1647865747402	Mar 21, 2022 8:29:07 AM	990.7647	
1647866670841	Mar 21, 2022 8:44:30 AM	987.76416	
1647867584617	Mar 21, 2022 8:59:44 AM	987.8581	
1647868489379	Mar 21, 2022 9:14:49 AM	987.88	
1647869404850	Mar 21, 2022 9:30:04 AM	987.88635	
1647870317918	Mar 21, 2022 9:45:17 AM	988.00323	
1647871416675	Mar 21, 2022 10:03:36 AM	991.076	
1647872382729	Mar 21, 2022 10:19:42 AM	991.06366	
1647873342719	Mar 21, 2022 10:35:42 AM	991.1597	
1647874282844	Mar 21, 2022 10:51:22 AM	991.2828	
1647875869307	Mar 21, 2022 11:17:49 AM	991.00903	
1647877466132	Mar 21, 2022 11:44:26 AM	990.79315	
1647878604540	Mar 21, 2022 12:03:24 PM	991.0048	
1647879870493	Mar 21, 2022 12:24:30 PM	990.72284	
1647880790094	Mar 21, 2022 12:39:50 PM	990.2196	
1647882148152	Mar 21, 2022 1:02:28 PM	990.0681	
1647883571667	Mar 21, 2022 1:26:11 PM	990.16223	
1647884556462	Mar 21, 2022 1:42:36 PM	989.8006	
1647885888295	Mar 21, 2022 2:04:48 PM	989.08	
1647887284399	Mar 21, 2022 2:28:04 PM	988.4754	
1647888771821	Mar 21, 2022 2:52:51 PM	988.12946	
1647890022650	Mar 21, 2022 3:13:42 PM	987.5942	
1647891117115	Mar 21, 2022 3:31:57 PM	987.20953	
1647892695207	Mar 21, 2022 3:58:15 PM	986.7244	
1647893681239	Mar 21, 2022 4:14:41 PM	986.7782	
1647895140974	Mar 21, 2022 4:39:00 PM	986.32745	
1647896742630	Mar 21, 2022 5:05:42 PM	985.7969	
1647897762178	Mar 21, 2022 5:22:42 PM	985.37354	
1647898765280	Mar 21, 2022 5:39:25 PM	985.0112	
1647899730051	Mar 21, 2022 5:55:30 PM	984.928	
1647900824484	Mar 21, 2022 6:13:44 PM	984.87866	
1647901740686	Mar 21, 2022 6:29:00 PM	984.62555	
1647902653844	Mar 21, 2022 6:44:13 PM	984.8223	
1647903658880	Mar 21, 2022 7:00:58 PM	984.6931	
1647904632219	Mar 21, 2022 7:17:12 PM	985.0429	
1647905801418	Mar 21, 2022 7:36:41 PM	984.70715	
1647907201782	Mar 21, 2022 8:00:01 PM	984.5682	
1647908796932	Mar 21, 2022 8:26:36 PM	984.53015	
1647910494756	Mar 21, 2022 8:54:54 PM	984.35443	
1647912071056	Mar 21, 2022 9:21:11 PM	984.5161	
1647913119315	Mar 21, 2022 9:38:39 PM	984.65533	
1647914162898	Mar 21, 2022 9:56:02 PM	984.67957	
1647915301713	Mar 21, 2022 10:15:01 PM	984.1319	
1647917008731	Mar 21, 2022 10:43:28 PM	984.02203	
1647918132980	Mar 21, 2022 11:02:12 PM	984.095	
1647919770135	Mar 21, 2022 11:29:30 PM	983.946	
1647921346944	Mar 21, 2022 11:55:46 PM	983.87524	
1647922954693	Mar 22, 2022 12:22:34 AM	983.993	
1647924539255	Mar 22, 2022 12:48:59 AM	984.2123	
1647926115956	Mar 22, 2022 1:15:15 AM	984.37524	
1647927694796	Mar 22, 2022 1:41:34 AM	984.0278	
1647929374616	Mar 22, 2022 2:09:34 AM	983.902	
1647930949905	Mar 22, 2022 2:35:49 AM	984.5144	
1647932554878	Mar 22, 2022 3:02:34 AM	984.22375	
1647934166526	Mar 22, 2022 3:29:26 AM	983.56903	
1647935742859	Mar 22, 2022 3:55:42 AM	983.1957	
1647937354830	Mar 22, 2022 4:22:34 AM	982.97595	
1647938991502	Mar 22, 2022 4:49:51 AM	982.6778	
1647940594223	Mar 22, 2022 5:16:34 AM	982.5639	
1647942005084	Mar 22, 2022 5:40:05 AM	982.29443	
1647943385708	Mar 22, 2022 6:03:05 AM	982.34436	
1647944347194	Mar 22, 2022 6:19:07 AM	982.4664	
1647945428748	Mar 22, 2022 6:37:08 AM	982.5796	
1647946809153	Mar 22, 2022 7:00:09 AM	982.6009	
1647948139564	Mar 22, 2022 7:22:19 AM	982.9169	
1647949111290	Mar 22, 2022 7:38:31 AM	983.3799	
1647950285219	Mar 22, 2022 7:58:05 AM	983.8954	
1647951297352	Mar 22, 2022 8:14:57 AM	984.2114	
1647952515474	Mar 22, 2022 8:35:15 AM	984.8725	
1647954091039	Mar 22, 2022 9:01:31 AM	985.29175	
1647954808326	Mar 22, 2022 9:13:28 AM	985.2182	
1647955000830	Mar 22, 2022 9:16:40 AM	985.24396	
1647956023229	Mar 22, 2022 9:33:43 AM	984.9409	
1647957594297	Mar 22, 2022 9:59:54 AM	984.5705	
1647958741235	Mar 22, 2022 10:19:01 AM	984.3117	
1647959765234	Mar 22, 2022 10:36:05 AM	984.0656	
1647961082118	Mar 22, 2022 10:58:02 AM	983.69904	
1647962104174	Mar 22, 2022 11:15:04 AM	983.54987	
1647963096899	Mar 22, 2022 11:31:36 AM	983.74774	
1647964553692	Mar 22, 2022 11:55:53 AM	983.4579	
1647965479193	Mar 22, 2022 12:11:19 PM	983.205	
1647966455146	Mar 22, 2022 12:27:35 PM	982.9891	
1647967483482	Mar 22, 2022 12:44:43 PM	982.7923	
1647968489147	Mar 22, 2022 1:01:29 PM	982.1725	
1647969505123	Mar 22, 2022 1:18:25 PM	981.69116	
1647970557122	Mar 22, 2022 1:35:57 PM	980.92804	
1647972133094	Mar 22, 2022 2:02:13 PM	979.8675	
1647973719091	Mar 22, 2022 2:28:39 PM	979.2404	
1647974626726	Mar 22, 2022 2:43:46 PM	978.47284	
1647976195034	Mar 22, 2022 3:09:55 PM	977.33044	
1647977340921	Mar 22, 2022 3:29:00 PM	977.3162	
1647978708047	Mar 22, 2022 3:51:48 PM	976.9428	
1647980323990	Mar 22, 2022 4:18:43 PM	976.633	
1647981435329	Mar 22, 2022 4:37:15 PM	975.76324	
1647982801719	Mar 22, 2022 5:00:01 PM	975.47363	
1647983710457	Mar 22, 2022 5:15:10 PM	975.8372	
1647984712634	Mar 22, 2022 5:31:52 PM	975.0076	
1647985696639	Mar 22, 2022 5:48:16 PM	974.7883	
1647986688999	Mar 22, 2022 6:04:48 PM	974.7203	
1647987732218	Mar 22, 2022 6:22:12 PM	975.1491	
1647988679941	Mar 22, 2022 6:37:59 PM	975.1525	
1647989694492	Mar 22, 2022 6:54:54 PM	975.0223	
1647990795548	Mar 22, 2022 7:13:15 PM	974.95935	
1647991715415	Mar 22, 2022 7:28:35 PM	974.4736	
1647992882192	Mar 22, 2022 7:48:02 PM	974.28894	
1647993906215	Mar 22, 2022 8:05:06 PM	974.15845	
1647995020998	Mar 22, 2022 8:23:40 PM	974.1325	
1647996613548	Mar 22, 2022 8:50:13 PM	974.0037	
1647997695144	Mar 22, 2022 9:08:15 PM	973.8066	
1647999201926	Mar 22, 2022 9:33:21 PM	973.51544	
1648000786824	Mar 22, 2022 9:59:46 PM	973.3614	
1648001967220	Mar 22, 2022 10:19:27 PM	973.2672	
1648003594214	Mar 22, 2022 10:46:34 PM	972.90063	
1648005169822	Mar 22, 2022 11:12:49 PM	972.95593	
1648006099817	Mar 22, 2022 11:28:19 PM	973.0781	
1648007675832	Mar 22, 2022 11:54:35 PM	973.7009	
1648009261271	Mar 23, 2022 12:21:01 AM	973.6952	
1648010836594	Mar 23, 2022 12:47:16 AM	973.2464	
1648012460434	Mar 23, 2022 1:14:20 AM	973.1142	
1648013395788	Mar 23, 2022 1:29:55 AM	973.1678	
1648015021296	Mar 23, 2022 1:57:01 AM	972.5851	
1648016597674	Mar 23, 2022 2:23:17 AM	972.94507	
1648018272400	Mar 23, 2022 2:51:12 AM	972.82227	
1648019912366	Mar 23, 2022 3:18:32 AM	971.9844	
1648021622356	Mar 23, 2022 3:47:02 AM	969.941	
1648023257402	Mar 23, 2022 4:14:17 AM	970.2304	
1648024833658	Mar 23, 2022 4:40:33 AM	970.27057	
1648026410614	Mar 23, 2022 5:06:50 AM	970.19977	
1648028007114	Mar 23, 2022 5:33:27 AM	969.7051	
1648029097587	Mar 23, 2022 5:51:37 AM	969.6785	
1648030320294	Mar 23, 2022 6:12:00 AM	969.97284	
1648030518767	Mar 23, 2022 6:15:18 AM	969.84064	
1648031442277	Mar 23, 2022 6:30:42 AM	969.9582	
1648033052790	Mar 23, 2022 6:57:32 AM	969.8234	
1648033846396	Mar 23, 2022 7:10:46 AM	970.0767	
1648034044503	Mar 23, 2022 7:14:04 AM	970.0738	
1648035620079	Mar 23, 2022 7:40:20 AM	970.28094	
1648036215408	Mar 23, 2022 7:50:15 AM	970.13965	
1648037139379	Mar 23, 2022 8:05:39 AM	970.1847	
1648038066395	Mar 23, 2022 8:21:06 AM	970.0861	
1648039037397	Mar 23, 2022 8:37:17 AM	969.8664	
1648040350438	Mar 23, 2022 8:59:10 AM	969.8547	
1648041306316	Mar 23, 2022 9:15:06 AM	969.5251	
1648042562351	Mar 23, 2022 9:36:02 AM	969.32556	
1648043649382	Mar 23, 2022 9:54:09 AM	969.16895	
1648044795347	Mar 23, 2022 10:13:15 AM	968.91266	
1648046163116	Mar 23, 2022 10:36:03 AM	968.7276	
1648047830452	Mar 23, 2022 11:03:50 AM	968.27795	
1648048758052	Mar 23, 2022 11:19:18 AM	968.16595	
1648049840327	Mar 23, 2022 11:37:20 AM	967.9883	
1648049845911	Mar 23, 2022 11:37:25 AM	967.97705	
1648050941007	Mar 23, 2022 11:55:41 AM	968.3785	
1648052019126	Mar 23, 2022 12:13:39 PM	968.19696	
1648053036902	Mar 23, 2022 12:30:36 PM	967.8546	
1648054097153	Mar 23, 2022 12:48:17 PM	967.52997	
1648055093824	Mar 23, 2022 1:04:53 PM	966.81104	
1648056505286	Mar 23, 2022 1:28:25 PM	966.68225	
1648058122346	Mar 23, 2022 1:55:22 PM	966.3965	
1648059716159	Mar 23, 2022 2:21:56 PM	965.89795	
1648060811890	Mar 23, 2022 2:40:11 PM	966.23517	
1648062409668	Mar 23, 2022 3:06:49 PM	966.32465	
1648063540855	Mar 23, 2022 3:25:40 PM	966.2917	
1648065133870	Mar 23, 2022 3:52:13 PM	966.6455	
1648066588816	Mar 23, 2022 4:16:28 PM	966.7558	
1648068152453	Mar 23, 2022 4:42:32 PM	967.2033	
1648069075004	Mar 23, 2022 4:57:55 PM	966.72095	
1648070037049	Mar 23, 2022 5:13:57 PM	965.5524	
1648071027084	Mar 23, 2022 5:30:27 PM	967.5984	
1648072295038	Mar 23, 2022 5:51:35 PM	968.0125	
1648073221163	Mar 23, 2022 6:07:01 PM	967.95514	
1648074271082	Mar 23, 2022 6:24:31 PM	967.8784	
1648075221174	Mar 23, 2022 6:40:21 PM	968.18994	
1648076752934	Mar 23, 2022 7:05:52 PM	969.2501	
1648077720238	Mar 23, 2022 7:22:00 PM	969.8961	
1648079335996	Mar 23, 2022 7:48:55 PM	970.63837	
1648080960729	Mar 23, 2022 8:16:00 PM	971.241	
1648082021085	Mar 23, 2022 8:33:41 PM	971.5878	
1648083601701	Mar 23, 2022 9:00:01 PM	972.3458	
1648085194497	Mar 23, 2022 9:26:34 PM	973.31714	
1648086784682	Mar 23, 2022 9:53:04 PM	973.9644	
1648087691264	Mar 23, 2022 10:08:11 PM	974.13696	
1648088639123	Mar 23, 2022 10:23:59 PM	974.0813	
1648090232550	Mar 23, 2022 10:50:32 PM	974.38306	
1648091828682	Mar 23, 2022 11:17:08 PM	974.59515	
1648093404928	Mar 23, 2022 11:43:24 PM	975.0722	
1648094461892	Mar 24, 2022 12:01:01 AM	975.2628	
1648096083419	Mar 24, 2022 12:28:03 AM	975.525	
1648097763028	Mar 24, 2022 12:56:03 AM	975.5159	
1648099357984	Mar 24, 2022 1:22:37 AM	975.4864	
1648101068543	Mar 24, 2022 1:51:08 AM	975.6901	
1648102736526	Mar 24, 2022 2:18:56 AM	975.9537	
1648104349129	Mar 24, 2022 2:45:49 AM	976.1075	
1648105951758	Mar 24, 2022 3:12:31 AM	976.31934	
1648107552486	Mar 24, 2022 3:39:12 AM	976.2516	
1648109200343	Mar 24, 2022 4:06:40 AM	976.49976	
1648110818004	Mar 24, 2022 4:33:38 AM	976.344	
1648112401445	Mar 24, 2022 5:00:01 AM	976.4239	
1648113977757	Mar 24, 2022 5:26:17 AM	976.7161	
1648114915737	Mar 24, 2022 5:41:55 AM	976.8969	
1648116123704	Mar 24, 2022 6:02:03 AM	976.8387	
1648117147401	Mar 24, 2022 6:19:07 AM	976.7252	
1648118129034	Mar 24, 2022 6:35:29 AM	976.7981	
1648119120942	Mar 24, 2022 6:52:00 AM	976.92395	
1648120439793	Mar 24, 2022 7:13:59 AM	977.36957	
1648121373658	Mar 24, 2022 7:29:33 AM	977.5132	
1648121949410	Mar 24, 2022 7:39:09 AM	977.36444	
1648122866473	Mar 24, 2022 7:54:26 AM	977.4679	
1648123824644	Mar 24, 2022 8:10:24 AM	977.56396	
1648124768251	Mar 24, 2022 8:26:08 AM	977.20654	
1648126419768	Mar 24, 2022 8:53:39 AM	977.2692	
1648127527330	Mar 24, 2022 9:12:07 AM	977.6282	
1648129109841	Mar 24, 2022 9:38:29 AM	977.4798	
1648130713259	Mar 24, 2022 10:05:13 AM	977.6235	
1648132289605	Mar 24, 2022 10:31:29 AM	977.6073	
1648133943270	Mar 24, 2022 10:59:03 AM	977.463	
1648134902547	Mar 24, 2022 11:15:02 AM	977.7516	
1648136507450	Mar 24, 2022 11:41:47 AM	977.57416	
1648138083481	Mar 24, 2022 12:08:03 PM	977.3859	
1648139007325	Mar 24, 2022 12:23:27 PM	977.1256	
1648139981418	Mar 24, 2022 12:39:41 PM	976.819	
1648141026449	Mar 24, 2022 12:57:06 PM	976.74646	
1648142140468	Mar 24, 2022 1:15:40 PM	976.49554	
1648143248581	Mar 24, 2022 1:34:08 PM	976.0563	
1648144845130	Mar 24, 2022 2:00:45 PM	975.7681	
1648146094449	Mar 24, 2022 2:21:34 PM	975.38416	
1648147084365	Mar 24, 2022 2:38:04 PM	975.19946	
1648148458723	Mar 24, 2022 3:00:58 PM	974.8746	
1648149492030	Mar 24, 2022 3:18:12 PM	974.9311	
1648150476295	Mar 24, 2022 3:34:36 PM	974.4047	
1648152059060	Mar 24, 2022 4:00:59 PM	974.4551	
1648153499321	Mar 24, 2022 4:24:59 PM	974.3911	
1648155188350	Mar 24, 2022 4:53:08 PM	974.9169	
1648156831872	Mar 24, 2022 5:20:31 PM	974.91705	
1648158416876	Mar 24, 2022 5:46:56 PM	974.991	
1648159473383	Mar 24, 2022 6:04:33 PM	975.413	
1648160375500	Mar 24, 2022 6:19:35 PM	975.38776	
1648161617260	Mar 24, 2022 6:40:17 PM	975.60474	
1648162598632	Mar 24, 2022 6:56:38 PM	975.7452	
1648163627051	Mar 24, 2022 7:13:47 PM	975.7819	
1648164639370	Mar 24, 2022 7:30:39 PM	975.8629	
1648165633850	Mar 24, 2022 7:47:13 PM	975.7454	
1648166544105	Mar 24, 2022 8:02:24 PM	975.8406	
1648167564505	Mar 24, 2022 8:19:24 PM	976.13	
1648169139842	Mar 24, 2022 8:45:39 PM	976.28986	
1648170143892	Mar 24, 2022 9:02:23 PM	976.4537	
1648171221147	Mar 24, 2022 9:20:21 PM	976.62683	
1648172345051	Mar 24, 2022 9:39:05 PM	976.864	
1648173562215	Mar 24, 2022 9:59:22 PM	976.97003	
1648174611706	Mar 24, 2022 10:16:51 PM	976.8861	
1648175568634	Mar 24, 2022 10:32:48 PM	976.9076	
1648176655111	Mar 24, 2022 10:50:55 PM	976.7314	
1648177613106	Mar 24, 2022 11:06:53 PM	976.9522	
1648179001118	Mar 24, 2022 11:30:01 PM	976.867	
1648180628806	Mar 24, 2022 11:57:08 PM	976.98956	
1648182253845	Mar 25, 2022 12:24:13 AM	976.86804	
1648184020111	Mar 25, 2022 12:53:40 AM	976.91077	
1648185335536	Mar 25, 2022 1:15:35 AM	976.7248	
1648186912043	Mar 25, 2022 1:41:52 AM	976.5816	
1648188503712	Mar 25, 2022 2:08:23 AM	976.5274	
1648190019927	Mar 25, 2022 2:33:39 AM	976.38696	
1648191601699	Mar 25, 2022 3:00:01 AM	976.3124	
1648193210645	Mar 25, 2022 3:26:50 AM	976.1279	
1648194819732	Mar 25, 2022 3:53:39 AM	975.8929	
1648196401654	Mar 25, 2022 4:20:01 AM	975.7486	
1648198046812	Mar 25, 2022 4:47:26 AM	975.66846	
1648199622090	Mar 25, 2022 5:13:42 AM	975.67206	
1648201198906	Mar 25, 2022 5:39:58 AM	975.4007	
1648202460905	Mar 25, 2022 6:01:00 AM	975.5161	
1648203727360	Mar 25, 2022 6:22:07 AM	975.54376	
1648204774533	Mar 25, 2022 6:39:34 AM	975.61554	
1648205845256	Mar 25, 2022 6:57:25 AM	975.7403	
1648206866811	Mar 25, 2022 7:14:26 AM	975.76025	
1648207788301	Mar 25, 2022 7:29:48 AM	976.18207	
1648208711110	Mar 25, 2022 7:45:11 AM	976.2103	
1648209789469	Mar 25, 2022 8:03:09 AM	976.39905	
1648210785308	Mar 25, 2022 8:19:45 AM	976.37756	
1648211846636	Mar 25, 2022 8:37:26 AM	976.4177	
1648213187632	Mar 25, 2022 8:59:47 AM	976.5584	
1648213985574	Mar 25, 2022 9:13:05 AM	976.63855	
1648214892856	Mar 25, 2022 9:28:12 AM	976.5858	
1648216271671	Mar 25, 2022 9:51:11 AM	976.7962	
1648217614602	Mar 25, 2022 10:13:34 AM	976.8695	
1648218830454	Mar 25, 2022 10:33:50 AM	976.61536	
1648220413427	Mar 25, 2022 11:00:13 AM	976.60175	
1648221485745	Mar 25, 2022 11:18:05 AM	976.58453	
1648222050716	Mar 25, 2022 11:27:30 AM	976.5661	
1648223510743	Mar 25, 2022 11:51:50 AM	976.44727	
1648224832614	Mar 25, 2022 12:13:52 PM	976.7856	
1648226391727	Mar 25, 2022 12:39:51 PM	976.6132	
1648227348043	Mar 25, 2022 12:55:48 PM	976.49274	
1648228805376	Mar 25, 2022 1:20:05 PM	976.39886	
1648229897452	Mar 25, 2022 1:38:17 PM	976.13556	
1648231569232	Mar 25, 2022 2:06:09 PM	976.0316	
1648232762637	Mar 25, 2022 2:26:02 PM	976.07306	
1648234379113	Mar 25, 2022 2:52:59 PM	975.8236	
1648235980287	Mar 25, 2022 3:19:40 PM	975.7401	
1648236967465	Mar 25, 2022 3:36:07 PM	976.15045	
1648238560212	Mar 25, 2022 4:02:40 PM	975.6895	
1648240192247	Mar 25, 2022 4:29:52 PM	975.8967	
1648241529534	Mar 25, 2022 4:52:09 PM	975.9749	
1648242662494	Mar 25, 2022 5:11:02 PM	975.9906	
1648244246791	Mar 25, 2022 5:37:26 PM	976.3058	
1648245223404	Mar 25, 2022 5:53:43 PM	976.562	
1648246198728	Mar 25, 2022 6:09:58 PM	976.2675	
1648247172216	Mar 25, 2022 6:26:12 PM	976.439	
1648248154728	Mar 25, 2022 6:42:34 PM	976.3417	
1648249305348	Mar 25, 2022 7:01:45 PM	976.58496	
1648250417223	Mar 25, 2022 7:20:17 PM	976.5839	
1648251476323	Mar 25, 2022 7:37:56 PM	976.73627	
1648253059933	Mar 25, 2022 8:04:19 PM	976.62476	
1648254115382	Mar 25, 2022 8:21:55 PM	976.63324	
1648255662426	Mar 25, 2022 8:47:42 PM	976.5644	
1648256757529	Mar 25, 2022 9:05:57 PM	976.89075	
1648258273081	Mar 25, 2022 9:31:13 PM	976.70886	
1648259861847	Mar 25, 2022 9:57:41 PM	976.8272	
1648260865873	Mar 25, 2022 10:14:25 PM	976.7114	
1648261865931	Mar 25, 2022 10:31:05 PM	976.4526	
1648263503571	Mar 25, 2022 10:58:23 PM	976.09265	
1648265104990	Mar 25, 2022 11:25:04 PM	975.92816	
1648266799898	Mar 25, 2022 11:53:19 PM	976.63007	
1648268413000	Mar 26, 2022 12:20:13 AM	975.776	
1648270044640	Mar 26, 2022 12:47:24 AM	976.10046	
1648271636477	Mar 26, 2022 1:13:56 AM	976.3196	
1648272854255	Mar 26, 2022 1:34:14 AM	975.4496	
1648274486941	Mar 26, 2022 2:01:26 AM	975.4405	
1648275804884	Mar 26, 2022 2:23:24 AM	975.22437	
1648277336203	Mar 26, 2022 2:48:56 AM	975.17487	
1648278996223	Mar 26, 2022 3:16:36 AM	974.9625	
1648280604834	Mar 26, 2022 3:43:24 AM	974.4625	
1648282212864	Mar 26, 2022 4:10:12 AM	973.9865	
1648283817840	Mar 26, 2022 4:36:57 AM	973.6391	
1648285404790	Mar 26, 2022 5:03:24 AM	973.4113	
1648286985078	Mar 26, 2022 5:29:45 AM	973.2368	
1648288631790	Mar 26, 2022 5:57:11 AM	973.145	
1648290207075	Mar 26, 2022 6:23:27 AM	972.7982	
1648291801769	Mar 26, 2022 6:50:01 AM	972.80634	
1648292904553	Mar 26, 2022 7:08:24 AM	972.73535	
1648292924309	Mar 26, 2022 7:08:44 AM	972.74066	
1648293957028	Mar 26, 2022 7:25:57 AM	972.71875	
1648295553738	Mar 26, 2022 7:52:33 AM	972.7024	
1648296469021	Mar 26, 2022 8:07:49 AM	972.924	
1648297698926	Mar 26, 2022 8:28:18 AM	973.3705	
1648298710522	Mar 26, 2022 8:45:10 AM	973.4967	
1648299762187	Mar 26, 2022 9:02:42 AM	973.74725	
1648300736833	Mar 26, 2022 9:18:56 AM	973.7385	
1648301874545	Mar 26, 2022 9:37:54 AM	973.947	
1648302775542	Mar 26, 2022 9:52:55 AM	974.0233	
1648303685266	Mar 26, 2022 10:08:05 AM	974.3085	
1648304684721	Mar 26, 2022 10:24:44 AM	974.6408	
1648305596867	Mar 26, 2022 10:39:56 AM	974.5571	
1648306557121	Mar 26, 2022 10:55:57 AM	974.93555	
1648307467324	Mar 26, 2022 11:11:07 AM	975.40393	
1648308371016	Mar 26, 2022 11:26:11 AM	975.63025	
1648309523632	Mar 26, 2022 11:45:23 AM	975.8546	
1648310807254	Mar 26, 2022 12:06:47 PM	976.1723	
1648312032590	Mar 26, 2022 12:27:12 PM	976.23584	
1648312979582	Mar 26, 2022 12:42:59 PM	975.89966	
1648314002546	Mar 26, 2022 1:00:02 PM	976.3389	
1648315123799	Mar 26, 2022 1:18:43 PM	976.0937	
1648316042052	Mar 26, 2022 1:34:02 PM	976.3315	
1648317006726	Mar 26, 2022 1:50:06 PM	976.4477	
1648317990334	Mar 26, 2022 2:06:30 PM	975.9579	
1648318891801	Mar 26, 2022 2:21:31 PM	975.94666	
1648320467121	Mar 26, 2022 2:47:47 PM	975.93005	
1648322043784	Mar 26, 2022 3:14:03 PM	975.90393	
1648323619520	Mar 26, 2022 3:40:19 PM	976.0155	
1648324578374	Mar 26, 2022 3:56:18 PM	973.02606	
1648325718807	Mar 26, 2022 4:15:18 PM	976.36975	
1648326675764	Mar 26, 2022 4:31:15 PM	976.24927	
1648328299040	Mar 26, 2022 4:58:19 PM	976.1517	
1648329286716	Mar 26, 2022 5:14:46 PM	976.3094	
1648330012752	Mar 26, 2022 5:26:52 PM	976.708	
1648330919229	Mar 26, 2022 5:41:59 PM	976.8207	
1648331888988	Mar 26, 2022 5:58:08 PM	977.0076	
1648332902573	Mar 26, 2022 6:15:02 PM	976.92413	
1648334198238	Mar 26, 2022 6:36:38 PM	977.3462	
1648335142722	Mar 26, 2022 6:52:22 PM	977.68933	
1648336043978	Mar 26, 2022 7:07:23 PM	978.38763	
1648336996175	Mar 26, 2022 7:23:16 PM	978.5281	
